"census_tract_code","year","arrests_B","arrests_W","arrests_total","state","county","ct_pop","ct_white","ct_black","pct_white","pct_black","arrest_pct_tot","arrest_pct_B","arrest_pct_W","pop_pct_tot","pop_pct_B","pop_pct_W","sir_tot","sir_B","sir_W","RE_tot","RE_B","RE_W"
10100,2010,965,693,1658,37,129,3153,822,2116,0.260704091,0.671106882,100,58.2051745974308,41.8008564019058,52.58317211633,45.6027597939606,84.2963143169931,0.100042810978147,4.02663555991805,38.3760678970223,0.637658774852753,0.399828374385834,0.837035417556763
10100,2011,854,754,1614,37,129,2749,623,1970,0.226627865,0.716624227,100,52.9149371166594,46.7195341056936,58.7101233130843,43.3480533983047,121.007863906275,0.100036334979876,3.82744438614565,54.9939393750557,0.986548542976379,1.03285157680511,0.916140556335449
10100,2012,839,772,1617,37,129,2877,561,2263,0.194994786,0.786583246,100,51.8891843423412,47.7459649990724,56.2024260540127,37.0730414033847,137.586882908572,0.100038097505073,3.27355659099906,62.4792834369542,-0.662950396537781,-0.133317172527313,-0.994438350200653
10100,2013,752,701,1454,37,129,2462,636,1795,0.258326564,0.729082047,100,51.7227150814937,48.2153909634826,59.0552780147029,41.8918166118879,110.202798302154,0.100029315621708,3.6987217094113,50.0907096674723,1.14648878574371,1.54119503498077,1.1373997926712
10100,2014,629,539,1169,37,129,2212,566,1627,0.255877034,0.735533454,100,53.810623556582,46.1123941493457,52.8457122191583,38.6577346198759,95.2128599187423,0.100021176115037,3.41302370843193,43.2399303500495,2.60749483108521,2.47803950309753,2.2697434425354
10100,2015,571,574,1153,37,129,2161,845,1278,0.391022675,0.591392874,100,49.5273610267973,49.7875292689272,53.3524593956781,44.6756904780534,67.9209560998698,0.100020404724149,3.94382030776937,30.9257119296499,-0.92170912027359,-1.22198796272278,-0.979526281356812
10100,2016,696,615,1315,37,129,2245,882,1259,0.392873051,0.560801782,100,52.9313360200745,46.7721085848985,58.5720012471605,55.2775792232547,69.7199863961002,0.100024176239645,4.87967443270773,31.7518637526169,2.42542338371277,3.99781966209412,2.14890503883362
10100,2017,657,554,1215,37,129,2251,906,1225,0.402487783,0.544202577,100,54.0778536745947,45.6011850876471,53.9736129003598,53.6282752428373,61.1411543979693,0.100022397442313,4.73399906346418,27.8486187315424,0.93729555606842,1.22944867610931,1.34489965438843
10100,2018,437,477,920,37,129,2267,943,1182,0.41596824,0.521393913,100,47.5057059015324,51.8530594500598,40.5804772617,36.9681076051096,50.5778814547768,0.100017079926648,3.26325839021351,23.0416961423538,2.29738450050354,1.80248391628265,2.2856879234314
10200,2010,177,147,325,37,129,3290,1386,1897,0.421276596,0.576595745,100,54.4755459858505,45.2476161181175,9.87811920610316,9.33003004585947,10.6052954332299,0.10000875640646,0.823788433402733,4.83874700601777,2.29009032249451,3.17224168777466,2.29823088645935
10200,2011,272,118,390,37,129,3440,1609,1815,0.467732558,0.527616279,100,69.751345808767,30.2742886439374,11.336879741868,14.9854002534296,7.33329190230564,0.100010986761661,1.32310069380861,3.34736405976006,-0.499784290790558,-0.0645781829953194,-1.19743490219116
10200,2012,221,88,309,37,129,3530,1598,1908,0.452691218,0.540509915,100,71.5302491103203,28.5021028793271,8.75329310784397,11.5822021906609,5.50653901508041,0.100008932640144,1.02264482032753,2.51347403049176,-1.60900390148163,-0.583783090114594,-0.671782672405243
10200,2013,181,135,316,37,129,3587,1590,1968,0.443267354,0.548647895,100,57.291996203733,42.7396393546346,8.80934459591313,9.19668716020528,8.4900320734545,0.100009282503316,0.812027107710626,3.87524271255326,0.877153337001801,0.762611925601959,-0.0430321879684925
10200,2014,212,125,337,37,129,3699,1678,1844,0.453636118,0.498513112,100,62.9190151290418,37.1106496588549,9.11032413289719,11.4961227699149,7.44890054227996,0.100010208475385,1.01503002509286,3.40052290740378,1.86987805366516,1.002525806427,1.74365603923798
10200,2015,163,88,252,37,129,3703,1678,1866,0.453146098,0.503915744,100,64.6965489884966,34.9464498214994,6.80510923280495,8.73479449118483,5.24402598176509,0.100007641892192,0.771227241459847,2.39396812681226,-0.0442084521055222,-0.0919559895992279,0.222814500331879
10200,2016,212,148,361,37,129,3644,1991,1438,0.546377607,0.394621295,100,58.7371919135973,41.0135696482969,9.90642408276392,14.7416730408177,7.43307719351112,0.100010772889965,1.30143420257752,3.3947193672033,1.12065374851227,1.36061942577362,0.895892798900604
10200,2017,167,131,298,37,129,3603,1995,1331,0.553705246,0.369414377,100,56.0550150956055,43.9785306943978,8.27065582415143,12.5460145744121,6.5660869129367,0.100008792799698,1.10754715221536,2.99877454471497,1.50087141990662,1.82009065151215,1.18555390834808
10200,2018,203,120,324,37,129,3503,1958,1329,0.558949472,0.379389095,100,62.6658438753471,37.0564640543042,9.24895092917702,15.2734933413588,6.12838976558909,0.100009294623477,1.34832452040356,2.7987569980747,0.577900946140289,0.824552595615387,0.288581073284149
10300,2010,253,103,358,37,129,5104,2345,2622,0.459443574,0.513714734,100,70.6785814018431,28.7908405473331,7.0139691620462,9.64875481484306,4.39213679587224,0.100014963746634,0.852027243520456,2.00658797504419,0.718463063240051,1.22088027000427,0.483717352151871
10300,2011,375,156,535,37,129,5040,2199,2699,0.436309524,0.535515873,100,70.0990469071202,29.1721173612409,10.6148687526041,13.893520062243,7.09381110454277,0.100022081622051,1.2268690295197,3.24046269856904,-1.83610999584198,-2.00565814971924,-1.52362143993378
10300,2012,391,196,587,37,129,4821,2246,2427,0.465878448,0.503422526,100,66.6155680463294,33.4014648271163,12.1756445624443,16.1097606196696,8.72623658786341,0.100023175114392,1.42252817768614,3.98632639616129,-2.67106652259827,-2.04416036605835,-2.76701068878174
10300,2013,470,140,612,37,129,5419,2204,3050,0.406717106,0.562834471,100,76.8011762783859,22.888416925339,11.2933882009928,15.4093308416118,6.35179892019418,0.100027159215864,1.3607683225556,2.90152388292097,0.565716028213501,0.551315426826477,0.538445651531219
10300,2014,346,115,461,37,129,4882,2175,2620,0.445514134,0.536665301,100,75.0596399913251,24.9620472782477,9.44265787263677,13.2056028395863,5.28711323617305,0.100018430849559,1.16611221213651,2.41510647503025,-0.0867688804864883,-2.23553991317749,-0.062765821814537
10300,2015,325,150,477,37,129,5161,2398,2669,0.464638636,0.51714784,100,68.1408509746384,31.4609096625445,9.24221580670787,12.1763890449964,6.25495183687086,0.100020160388266,1.07523405365791,2.85775246435123,-1.61113297939301,-0.833361923694611,-1.39093244075775
10300,2016,397,131,536,37,129,5703,2812,2786,0.493073821,0.488514817,100,74.0720014922589,24.4543928371572,9.39839736283775,14.2493090700262,4.65844031151097,0.100025033110421,1.25829842212348,2.12892489041474,-0.0621699169278145,-0.0174096897244453,0.0586847811937332
10300,2017,321,129,454,37,129,5635,2589,2962,0.459449867,0.525643301,100,70.7112970711297,28.4298612640388,8.05664495749853,10.836906248945,4.98242632575026,0.10002095059816,0.956979015474621,2.27667601596085,1.49337029457092,2.20818519592285,1.15573382377625
10300,2018,378,128,513,37,129,5902,2715,3137,0.460013555,0.531514741,100,73.689339310076,24.9658935879945,8.69182155503973,12.0493449364062,4.71437516113587,0.100024794949268,1.06406201627029,2.15436497965335,-0.343963623046875,0.740823745727539,-0.2678542137146
10400,2010,93,140,233,37,129,2786,2372,225,0.851399856,0.080760948,100,39.9399399399399,60.1029601029601,8.3629446179247,41.3149711239449,5.90194342565659,0.100005315984266,3.63672732575503,2.69641546527079,2.41232466697693,2.07717823982239,2.59776949882507
10400,2011,76,104,184,37,129,2726,2342,235,0.859134263,0.086206897,100,41.3362303096143,56.5453557848995,6.74956898132864,32.3266695023394,4.44045941676274,0.100004107620648,2.84595686293765,2.02865965587688,1.07650804519653,0.520867705345154,1.03846287727356
10400,2012,58,78,137,37,129,2819,2565,190,0.909897127,0.067399787,100,42.3778264040846,56.9657184536834,4.85970699868752,30.5102577590742,3.04081712213949,0.100003162731301,2.68393486212311,1.38945227501022,-1.16427767276764,-0.877963304519653,-0.975609064102173
10400,2013,49,96,148,37,129,3033,2802,176,0.923837784,0.058028355,100,33.1532748143147,64.8885887913572,4.87949622498434,27.8250993753549,3.42600192712608,0.100003676044664,2.44692782264132,1.56568699235342,1.38495111465454,1.03960883617401,1.39706659317017
10400,2014,43,77,123,37,129,3061,2789,208,0.91114015,0.06795165,100,35.0121852152721,62.6320064987815,4.01816340531182,20.6631427198462,2.76074719443548,0.100003083295115,1.81834651906921,1.26165539987278,0.691585123538971,3.53458738327026,0.724303662776947
10400,2015,56,141,197,37,129,2934,2647,222,0.902181322,0.075664622,100,28.4627092846271,71.5880263825469,6.71415425513786,25.213867627195,5.32658380869631,0.100004733397635,2.2193327023224,2.4340278261732,-0.641140997409821,-2.13896775245667,-0.137106567621231
10400,2016,45,98,144,37,129,2857,2593,198,0.90759538,0.069303465,100,31.2977099236641,68.0777238029146,5.04007560113402,22.7158001009591,3.7792603447611,0.100003369142547,1.99860104172429,1.72690447077975,0.517882764339447,0.181407764554024,0.377890944480896
10400,2017,42,32,74,37,129,3073,2672,214,0.869508623,0.069638789,100,56.8151147098516,43.3198380566802,2.40799192997299,19.6170014012144,1.19755997155795,0.100001862262653,1.72646802660992,0.547243871313758,0.751808106899261,0.652516961097717,0.861391484737396
10400,2018,46,57,103,37,129,3031,2584,256,0.852523919,0.084460574,100,44.713870029098,55.3831231813773,3.39810629804361,17.9617336977743,2.2057969892806,0.100002556641386,1.58173555436802,1.00791622373234,1.15248548984528,1.39891362190247,1.18943560123444
10501,2010,232,244,476,37,129,3431,2103,1079,0.612940834,0.314485573,100,48.7502625498845,51.2707414408738,13.8731019206668,21.4993976461866,11.6019209738006,0.100013374400513,1.89768046265926,5.29928201253026,-1.40092790126801,-1.45874261856079,-1.15424191951752
10501,2011,192,310,502,37,129,3970,2159,1518,0.543828715,0.382367758,100,38.2593108942442,61.7606054570803,12.6445177703332,12.6473881825967,14.357834282803,0.100016320778761,1.11657718326228,6.5584316325675,-2.39054155349731,-1.6414909362793,-2.13193035125732
10501,2012,178,351,535,37,129,4146,2350,1403,0.566811384,0.338398456,100,33.2834984115119,65.6139039431882,12.9036926268059,12.6861948542513,14.9355346580997,0.100018164762902,1.11995589910892,6.82346364494546,-2.66282486915588,-1.77718877792358,-2.36814904212952
10501,2013,162,378,546,37,129,4065,2409,1477,0.592619926,0.363345633,100,29.6832082036257,69.2364035890863,13.431403901503,10.9674361925394,15.6905068282761,0.100018176064132,0.968248427239582,7.16871484668647,1.11583197116852,2.72480893135071,-0.202762216329575
10501,2014,146,313,460,37,129,4380,2720,1426,0.621004566,0.325570776,100,31.7539665290154,68.0504238209085,10.502043332344,10.237711240446,11.5069298922834,0.100016499796806,0.903808305546245,5.25842788422264,-0.710230350494385,-0.519047439098358,-0.507769167423248
10501,2015,108,226,334,37,129,4622,2999,1398,0.64885331,0.302466465,100,32.3555821610296,67.6743489973062,7.22615261461241,7.72476932980474,7.53559401153679,0.100012642211793,0.68195261199046,3.44413641471325,-0.638520061969757,-0.0450298823416233,-0.427053689956665
10501,2016,124,253,385,37,129,4440,3013,1187,0.678603604,0.267342342,100,32.2253960010387,65.7231887821345,8.67097587892165,10.4456237890658,8.39666788357506,0.100013998785319,0.922061386220845,3.83771602835936,-0.954724907875061,-1.54115462303162,-0.737683236598969
10501,2017,124,181,307,37,129,4274,2844,1226,0.665418811,0.286850725,100,40.4102898078802,58.9710192119831,7.18279871785873,10.1133675882881,6.36405189690939,0.10001074532479,0.892751024068149,2.90844787284545,-0.234136268496513,-0.043077576905489,-0.0877573862671852
10501,2018,102,254,362,37,129,4396,3200,1169,0.727934486,0.265923567,100,28.196630764982,70.1739850869925,8.23457155205751,8.72465999486785,7.93725196087622,0.100013032055116,0.770139780804007,3.62805350820979,1.24802923202515,1.15960192680359,1.65102481842041
10502,2010,191,236,428,37,129,7375,5021,1912,0.680813559,0.259254237,100,44.6391030133146,55.1506657323055,5.80331114154384,9.9890173108101,4.70016530242377,0.100025849517877,0.881976105571956,2.14949661359121,0.659717559814453,0.897821426391602,0.179270192980766
10502,2011,181,308,493,37,129,7441,5563,1375,0.747614568,0.184786991,100,36.7268302575542,62.4822551206652,6.62536452943785,13.1626790778852,5.53648145817979,0.10003004172578,1.16200742380234,2.5321835365686,0.200282454490662,0.706068277359009,-0.129072830080986
10502,2012,202,309,515,37,129,7991,5973,1178,0.747465899,0.147415843,100,39.2350999805863,60.0077654824306,6.44466969503573,17.1462524403701,5.17319314928597,0.100033701948722,1.5135350430248,2.36615940066325,0.82533323764801,1.20727074146271,0.749634742736816
10502,2013,159,224,387,37,129,8272,6302,1181,0.761847195,0.142770793,100,41.1004908292431,57.8920175665203,4.67837671208037,13.4620269240538,3.55437076530046,0.100026216103595,1.18832286868455,1.62579212275409,1.90141296386719,1.57305598258972,1.86378633975983
10502,2014,125,225,355,37,129,8408,6408,1207,0.762131304,0.143553758,100,35.229512813292,63.3905941988172,4.222119147013,10.3553972330379,3.51118116134268,0.100024443743051,0.914106849198058,1.60605578006233,-0.680442929267883,-0.988270580768585,-0.632816195487976
10502,2015,155,234,393,37,129,8205,5857,1554,0.713833029,0.189396709,100,39.4556092597303,59.5522767743577,4.78970396460738,9.97361817128885,3.99515118403305,0.100026406922419,0.88053338464692,1.82730936757392,2.8364360332489,4.00879096984863,2.63157176971436
10502,2016,140,257,400,37,129,8472,6161,1422,0.727219075,0.167847025,100,35.0162459385154,64.2589352661835,4.72137958711536,9.84459601997047,4.17133304117771,0.10002775189171,0.869101862698975,1.90796364920411,0.238924294710159,0.714979946613312,0.339454054832458
10502,2017,190,250,443,37,129,8753,6188,1832,0.706957615,0.209299669,100,42.9022793951704,56.4432408034304,5.06106408015446,10.370612957808,4.04001228163734,0.100031754648402,0.91565256110891,1.84790351739216,2.0487368106842,1.35728633403778,2.27152609825134
10502,2018,183,253,441,37,129,8648,6455,1806,0.746415356,0.208834413,100,41.509861709363,57.3792790750397,5.09938599229889,10.1323293283871,3.91938157425911,0.100031232081133,0.894608280107784,1.79278058952559,2.71434688568115,2.56816506385803,2.89403367042542
10600,2010,175,202,377,37,129,4061,3733,94,0.919231716,0.023147008,100,46.4333068151684,53.5932113497746,9.28319913323976,185.972369819341,5.41105247649407,0.100012537790059,16.2914658706571,2.47384169649734,-0.521356999874115,-0.176763266324997,-1.3399224281311
10600,2011,140,215,355,37,129,3983,3576,117,0.897815717,0.029374843,100,39.4536750211208,60.5744860602647,8.9126559714795,119.555935098207,6.01213612594726,0.100011579380182,10.4902938248906,2.74850242880158,-1.63134670257568,-0.906787514686584,-0.560224592685699
10600,2012,132,148,283,37,129,3829,3424,127,0.894228258,0.033167929,100,46.661956905687,52.3136700812434,7.39077067718263,103.855232100708,4.32230367103764,0.100008873980205,9.11742082423974,1.97587055399115,1.6354546546936,1.7524585723877,0.920599162578583
10600,2013,85,191,277,37,129,3997,3548,158,0.887665749,0.039529647,100,30.7109346806207,68.9642728256947,6.93002426759401,53.763440860215,5.38316281953722,0.100009066936436,4.72555239893542,2.46093730632689,2.44849920272827,1.46847093105316,2.36320281028748
10600,2014,112,180,294,37,129,3979,3776,92,0.948982156,0.023121387,100,38.1162869772186,61.2376742604556,7.38860546354703,121.606948968512,4.7668229125288,0.100009580053255,10.6510464878391,2.17934056196733,0.113137595355511,0.240158081054688,0.402470618486404
10600,2015,98,172,270,37,129,3951,3746,176,0.948114401,0.044545685,100,36.319881525361,63.7171417993336,6.83354002682797,55.6501987507098,4.59144176610341,0.100008736097002,4.89385564528264,2.09913826489077,1.05204343795776,0.634242832660675,1.12583661079407
10600,2016,109,166,275,37,129,4196,3890,189,0.927073403,0.045042898,100,39.6583060705198,60.37804434751,6.55370463049022,57.6414595452142,4.26724248733966,0.100009449630502,5.07050995281213,1.95100543474766,0.917191743850708,0.841055512428284,0.902213990688324
10600,2017,116,188,307,37,129,4134,3785,237,0.915578133,0.057329463,100,37.8052751546727,61.2504070335396,7.426041943833,48.9245044285112,4.9668436765211,0.100010393348779,4.30730822598055,2.27079431499282,0.898510575294495,0.692989885807037,0.787775993347168
10600,2018,110,146,256,37,129,4147,3580,229,0.863274656,0.055220641,100,42.9910191331511,57.048028114018,6.17298835330713,48.0139676996945,4.0780983771403,0.100008694020391,4.22665867467139,1.86434217711731,0.793048977851868,0.549924254417419,0.771222472190857
10700,2010,57,108,165,37,129,4314,2354,1312,0.545665276,0.304126101,100,34.5850999394307,65.4754694124773,3.82466794928258,4.34418108375886,4.58774053778514,0.100005829223925,0.383495841206193,2.09596660807444,-1.4749870300293,-2.10353469848633,-1.14110994338989
10700,2011,56,59,115,37,129,4333,2374,1530,0.547888299,0.353104085,100,48.74022589053,51.3466550825369,2.65398906094944,3.6598915103588,2.48515226822796,0.100004080686048,0.323115557376465,1.13539103330998,-1.49709820747375,-2.26542735099792,-1.13639116287231
10700,2012,69,76,147,37,129,4100,2401,1373,0.585609756,0.334878049,100,46.974847042828,51.7335146159075,3.58527840784371,5.0251256281407,3.16521594269293,0.100004935689664,0.443620057040424,1.44612220164062,0.709750473499298,0.443078577518463,0.651431560516357
10700,2013,68,69,137,37,129,4314,2388,1631,0.553546592,0.378071395,100,49.671772428884,50.401167031364,3.17563338819221,4.16896572864938,2.88932624261966,0.10000484002229,0.368071119574401,1.32006048534444,-0.34957280755043,0.777798593044281,-0.347857862710953
10700,2014,66,79,145,37,129,4263,2206,1806,0.517475956,0.42364532,100,45.5547898001378,54.5141281874569,3.40128075813375,3.65428270859864,3.58098000997235,0.100005062091473,0.322645609219201,1.63580715472534,-1.40730059146881,1.41584098339081,-1.32316303253174
10700,2015,84,89,173,37,129,4435,2314,1761,0.521758737,0.397068771,100,48.5846331600231,51.473136915078,3.90070122432414,4.76974618136392,3.84598764098354,0.100006283279531,0.421127958142755,1.75702987246501,1.85202181339264,-0.222660258412361,1.89502000808716
10700,2016,84,88,174,37,129,4409,2350,1667,0.53300068,0.37809027,100,48.3055715106261,50.6031016657094,3.94638361570388,5.03868994061544,3.74452150972299,0.100006282550683,0.444862249316996,1.71072592807749,1.14799928665161,0.824764251708984,0.89972710609436
10700,2017,95,131,226,37,129,4511,2485,1674,0.550875637,0.371092884,100,42.0610349402919,57.9831932773109,5.00986455631664,5.67469087868108,5.27141764918917,0.100008348874254,0.501015290799329,2.40855406087915,-0.588102281093597,0.507177174091339,-0.479039758443832
10700,2018,102,148,251,37,129,4593,2377,1910,0.517526671,0.415850207,100,40.6610911987256,58.9804858622063,5.46471881735647,5.34003455316476,6.22607378738799,0.100009440974414,0.471495915252978,2.84451187742356,2.79190874099731,3.53659653663635,2.67056798934937
10800,2010,76,103,181,37,129,2885,1388,665,0.481109185,0.2305026,100,42.0209828823854,56.9298729983435,6.27361269973311,11.4268531047963,7.42021468193934,0.100004276328368,1.00815519823695,3.38554530300792,0.538100779056549,-0.0842130780220032,0.62471204996109
10800,2011,58,126,185,37,129,2760,1355,649,0.490942029,0.235144928,100,31.3884386817936,68.1253376553214,6.7026557008804,8.93544908334617,9.29820677440779,0.100004181455355,0.788323623224099,4.24206536973912,0.140432506799698,0.142094239592552,0.27353572845459
10800,2012,81,133,216,37,129,2259,1387,540,0.61398849,0.239043825,100,37.5289217954651,61.591855622397,9.56132973307954,14.9972227365303,9.58834979453536,0.100003995918629,1.32279751311331,4.37476794939813,0.89362245798111,0.254755944013596,1.16359686851501
10800,2013,60,114,174,37,129,2420,1698,275,0.701652893,0.113636364,100,34.5203905801264,65.5370476737507,7.18978554605182,21.8102508178844,6.71338554855427,0.100003448349434,1.92104596283199,3.06484651196527,1.21966254711151,2.18045377731323,1.28726947307587
10800,2014,56,112,168,37,129,2153,1431,330,0.664653971,0.153274501,100,33.372992266508,66.686496133254,7.80270307928104,16.9645561950924,7.82614771853819,0.100002962101699,1.49494459811512,3.57110119314584,-0.780073404312134,-1.18200504779816,-0.433828860521317
10800,2015,29,99,132,37,129,2497,1769,304,0.70845014,0.121746095,100,22.0287660862983,75.0189250567752,5.2861319130191,9.53633673133838,5.59606579616754,0.100002699225246,0.840187624276957,2.55502874469684,0.477483183145523,-0.443753510713577,0.450049608945847
10800,2016,56,126,188,37,129,2699,1781,414,0.659874027,0.153390144,100,29.8245614035088,67.0388091440723,6.96528472453781,13.5233035498672,7.07427993936331,0.100004155347874,1.19226829380384,3.2300006256489,0.878695547580719,0.723911464214325,1.03550493717194
10800,2017,52,132,185,37,129,2644,1775,425,0.671331316,0.160741301,100,28.1469475958941,71.366828741221,6.99670965545933,12.2324159021407,7.43620077742099,0.100004005713029,1.07851118870476,3.39521899016041,0.785330533981323,-0.444855660200119,1.06835865974426
10800,2018,61,165,233,37,129,2907,1817,558,0.625043,0.191950464,100,26.2119262119262,70.8279708279708,8.0148601699288,10.9299408708117,9.08040283968962,0.100005546865133,0.964096766020631,4.14616953431436,-1.20534336566925,-1.55383408069611,-0.886028230190277
10900,2010,24,69,94,37,129,2163,1990,65,0.920018493,0.030050855,100,25.6110520722636,73.432518597237,4.34561508945495,36.8663594470046,3.46716245414803,0.100001665064367,3.21771649938128,1.58346670652082,-2.34707164764404,-1.17873430252075,-2.08752775192261
10900,2011,15,104,119,37,129,2252,2001,99,0.888543517,0.043960924,100,12.6784214945424,87.4055415617128,5.28395719550642,15.1362260343088,5.19714157213533,0.100002194633485,1.32650922178836,2.37358425079018,-0.155176401138306,-1.82741665840149,0.102868996560574
10900,2012,13,65,79,37,129,2197,2040,71,0.928538917,0.032316796,100,16.5613147914033,82.3008849557522,3.59564880979473,18.2841068917018,3.18611832753296,0.10000142135906,1.59744983943683,1.45519280857693,-0.178007990121841,-0.0219585094600916,-0.146527573466301
10900,2013,6,53,59,37,129,2352,2137,118,0.908588435,0.050170068,100,10.321489001692,89.8477157360406,2.50839675183878,5.08044030482642,2.47999625660942,0.100001136412449,0.445802295688874,1.13279893696947,0.514784455299377,-0.625943005084991,0.84166544675827
10900,2014,15,40,55,37,129,2463,2215,156,0.899309785,0.063337393,100,27.4047186932849,72.7767695099818,2.23295846697251,9.60922485586163,1.80578754909485,0.1000011093632,0.844552110891871,0.824898349973566,-0.404597461223602,-0.0543368980288506,-0.259987086057663
10900,2015,11,54,66,37,129,2362,1947,298,0.824301439,0.126164268,100,16.7927382753404,81.8456883509834,2.79412387282503,3.690036900369,2.77335524626367,0.100001276645982,0.325089508663847,1.26653944406219,-0.605618715286255,-1.46050894260406,-0.427513808012009
10900,2016,24,70,95,37,129,2256,1896,300,0.840425532,0.132978723,100,25.34174553102,73.7118822292324,4.21080625858783,7.99733422192602,3.6917884077844,0.100001755130262,0.704571507795422,1.68586665129823,4.46238660812378,6.77393913269043,-0.0877573862671852
10900,2017,27,107,136,37,129,2470,1969,336,0.797165992,0.136032389,100,19.9118295371051,78.6921381337252,5.50584996558844,8.0333234156501,5.43395459854756,0.10000275094885,0.707939592234655,2.48164899155396,0.838029980659485,0.746654987335205,1.38758313655853
10900,2018,18,58,76,37,129,2415,2037,223,0.843478261,0.092339545,100,23.784494086728,76.3469119579501,3.14686762452901,8.0681308830121,2.84718472338128,0.100001503063682,0.71017065094293,1.30038779061466,0.0316607058048248,0.012960004620254,-0.488815039396286
11000,2010,254,64,321,37,129,2473,1072,1347,0.433481601,0.544682572,100,79.1342260977888,19.9626284646528,12.9796611540172,18.8553188330488,5.9695923887697,0.100006500934682,1.66453660884247,2.72110606828862,0.368775874376297,0.855966210365295,0.118396781384945
11000,2011,263,58,326,37,129,2450,1167,1177,0.476326531,0.480408163,100,80.6807727690892,17.8166206685066,13.3055793641076,22.3430464701385,4.9695827264159,0.100006540791994,1.97226564983289,2.26604098666146,0.301776796579361,0.78393167257309,0.180732980370522
11000,2012,219,65,284,37,129,2322,1221,969,0.525839793,0.417312661,100,77.1207321365716,22.9144667370644,12.230308772232,22.5982870704778,5.32306936368848,0.100005400415924,1.99451156811527,2.42763485401503,1.96018588542938,1.48170030117035,1.99869167804718
11000,2013,264,51,316,37,129,2197,1213,860,0.552116523,0.391442877,100,83.5495096488453,16.1657703258463,14.3825952391789,30.6941053365888,4.20410518506306,0.100005685436238,2.70876649807961,1.91727473447896,-0.943676590919495,-1.00216150283813,-0.863421440124512
11000,2014,200,79,279,37,129,2574,1193,1285,0.463480963,0.499222999,100,71.694733070584,28.3410963812254,10.8387397537003,15.56299120691,6.62140642024977,0.100005881111315,1.37385331683411,3.01949456107768,2.97247290611267,3.9293737411499,2.53810119628906
11000,2015,213,69,283,37,129,2460,1182,1158,0.480487805,0.470731707,100,75.273754856941,24.4083362769339,11.5035974147392,18.392194111044,5.8370696218594,0.100005701225204,1.62349825297341,2.66172859776077,0.277410298585892,0.655365288257599,0.339651852846146
11000,2016,194,92,286,37,129,2414,1127,1226,0.466859983,0.507870754,100,67.8434113946173,32.1915414190842,11.8470651588584,15.8225267107088,8.16254103451335,0.100005653923821,1.39672337636468,3.72146823262458,2.11437201499939,1.96716380119324,2.20280170440674
11000,2017,224,119,343,37,129,2344,1064,1195,0.453924915,0.509812287,100,65.3162343340134,34.7129116875546,14.632481549422,18.7432014057401,11.1831594774927,0.100006584129757,1.65451665752616,5.09743542042819,2.3772451877594,2.66225934028625,2.42217564582825
11000,2018,255,96,351,37,129,2284,1192,977,0.521891419,0.427758319,100,72.657362574765,27.3711193392196,15.3671030165054,26.097635861222,8.05301568660347,0.100006565228858,2.30337727183454,3.6723256757536,-0.0697654485702515,0.216100767254829,-0.721681416034698
11100,2010,397,75,472,37,129,2993,163,2688,0.054460408,0.898095556,100,84.1135352679517,15.9076466850244,15.7696034212021,14.7687958037275,45.9840588595953,0.100011568987964,1.30415881518073,20.4859806792554,-0.944226622581482,-0.305280178785324,-0.710753738880157
11100,2011,370,85,458,37,129,3152,166,2726,0.052664975,0.864847716,100,80.7902204758786,18.5767299716219,14.5299958757654,13.5725028428891,51.1739915713426,0.100011822201046,1.19852500769766,22.8091118408377,1.53014087677002,1.77464914321899,0.724233865737915
11100,2012,387,71,458,37,129,2901,286,2400,0.098586694,0.827300931,100,84.5012006112203,15.5206286836935,15.7871152321533,16.1243281529936,24.8164977280671,0.100010880775772,1.42380935609487,11.1842628291585,2.80762219429016,1.51379466056824,2.6488983631134
11100,2013,398,74,475,37,129,2600,170,2359,0.065384615,0.907307692,100,83.792885708272,15.5967164807409,18.2685281335333,16.8708405747955,43.5038212815991,0.100010113782537,1.48971939948331,19.4023633303059,-0.882189869880676,-1.12598705291748,-0.920228064060211
11100,2014,420,91,511,37,129,2519,147,2289,0.058356491,0.908693926,100,82.195265114459,17.8243005282724,20.2850224286452,18.3478222882356,61.862678450034,0.100010541337576,1.62012255678135,27.480074501127,0.767959177494049,0.739805817604065,0.645368099212646
11100,2015,305,113,419,37,129,2451,157,2218,0.064055488,0.904936761,100,72.7988546886185,26.9863994273443,17.0943657949492,13.750507190839,71.928707829408,0.100008410154768,1.21416387139289,32.0117030533375,0.625430524349213,1.1415421962738,-0.20951035618782
11100,2016,360,115,477,37,129,2419,402,1933,0.166184374,0.799090533,100,75.4768392370572,24.1249214001258,19.7180769707743,18.6229372510475,28.5998507833872,0.100009449327498,1.64431177021595,12.9468888226828,1.99759256839752,1.49329221248627,1.86069488525391
11100,2017,445,175,623,37,129,2512,246,1990,0.097929936,0.792197452,100,71.4331567966619,28.1014283421602,24.799968154134,22.3606853926938,71.1093051605039,0.100012816054202,1.97435905205978,31.9673782410715,1.14658272266388,0.766995310783386,1.15787518024445
11100,2018,434,111,546,37,129,2724,344,2036,0.126284875,0.74743025,100,79.4909357260575,20.3442592931697,20.0433170588451,21.3152595648544,32.258064516129,0.100012179975079,1.88206886376522,14.575873160561,0.535900175571442,-1.18617212772369,0.784063339233398
11200,2010,169,59,229,37,129,2538,1306,1212,0.514578408,0.477541371,100,73.8105630728939,25.7965953731995,9.02249714353256,13.94274399802,4.5172651404946,0.100004759636144,1.23077768944637,2.0606303232576,-2.53753113746643,-1.71345102787018,-2.64039921760559
11200,2011,219,91,310,37,129,2409,1256,1111,0.521378165,0.461187215,100,70.6546275395034,29.3776201225411,12.8678759702794,19.710197101971,7.24464612690072,0.100006115685555,1.73979001527249,3.3043240101291,0.360715448856354,0.658089399337769,0.185985386371613
11200,2012,248,86,335,37,129,2131,1155,934,0.541999061,0.438291882,100,74.0376007162041,25.6938227394807,15.7195814368167,26.5496199550369,7.44524283611809,0.100005846216718,2.34318298420613,3.39476301383434,-0.737267255783081,-0.365897625684738,-0.642165899276733
11200,2013,208,61,269,37,129,2180,1212,945,0.555963303,0.433486239,100,77.3318468970643,22.7053140096618,12.3388835374524,22.0082530949106,5.03258807029123,0.100004802367899,1.94239567859296,2.29509592628225,-1.16451287269592,-1.32292973995209,-0.94564414024353
11200,2014,140,72,212,37,129,2160,1153,980,0.533796296,0.453703704,100,66.0537482319661,33.993399339934,9.81436044627564,14.2842567084991,6.24403781111786,0.100003750043157,1.26073155031472,2.84703764927531,-0.256696343421936,-0.516746461391449,-0.17031691968441
11200,2015,196,84,282,37,129,1983,1233,708,0.621785174,0.357034796,100,69.5143566111308,29.8121233605105,14.2201603549997,27.6797062561785,6.81209958640824,0.100004579504354,2.44226761694946,3.1068312666971,0.180453166365623,-0.206839352846146,0.0747972279787064
11200,2016,211,113,326,37,129,2472,1177,1248,0.476132686,0.504854369,100,64.7347439435756,34.6826126954922,13.187168803851,16.9056966589216,9.5998640727211,0.100006599525636,1.49235630219868,4.37750872419977,0.0955384075641632,0.736481308937073,0.132199808955193
11200,2017,189,86,277,37,129,2527,1327,1173,0.525128611,0.464186783,100,68.2425117286178,31.0718152291591,10.9611808001266,16.1111584690137,6.48029538090573,0.100005732336345,1.42216113715264,2.95626107168631,2.09096097946167,1.04252111911774,2.2300763130188
11200,2018,197,84,284,37,129,2540,1261,1254,0.496456693,0.493700787,100,69.376979936642,29.6022527279127,11.1806621786544,15.7084761980703,6.66085163745936,0.100005907431717,1.38667540715825,3.03809482958323,-0.358686357736588,-1.00063908100128,-0.231039270758629
11300,2010,131,309,449,37,129,1493,1173,213,0.785666443,0.142665774,100,29.1917167668671,68.8265419728346,30.0716629830554,61.4734866259972,26.3404654334669,0.100005489752972,5.41011296884378,12.0110166738208,-0.211634814739227,0.487878769636154,-0.128663524985313
11300,2011,166,394,562,37,129,1357,1049,236,0.77302874,0.173913043,100,29.5499021526419,70.1120797011208,41.4118340579176,70.3091910207539,37.5560003812792,0.100006245436787,6.18992745594615,17.1175077034159,0.437653034925461,-0.956275403499603,0.834967732429504
11300,2012,160,439,607,37,129,1487,1144,217,0.76933423,0.145931406,100,26.3712732663482,72.3274584088289,40.8176988770089,73.6987563334869,38.3707717856831,0.100007391733718,6.4864631152596,17.4950427068765,0.925776243209839,1.13954997062683,1.04745268821716
11300,2013,140,307,450,37,129,1633,1170,269,0.71647275,0.164727495,100,31.1264163519218,68.229282381693,27.5549568305676,52.0252694165738,26.23707375438,0.100006017905342,4.58209344001048,11.9637543671904,-0.914444625377655,-0.600203394889832,-0.778693735599518
11300,2014,136,268,409,37,129,1533,1125,218,0.733855186,0.142204827,100,33.2681495966756,65.5340992422391,26.6779727349814,62.3567171022467,23.8201048795663,0.100005134665028,5.48830445602016,10.8599931988894,0.167126357555389,-0.198893502354622,-0.0531377568840981
11300,2015,172,301,474,37,129,1671,1251,267,0.748653501,0.15978456,100,36.3003585741405,63.5098080573719,28.3645502962121,64.395357543991,24.0588282311566,0.100006486365922,5.6714580484821,10.9732116588047,0.619517624378204,-0.944169461727142,0.860857903957367
11300,2016,138,288,430,37,129,1758,1383,209,0.78668942,0.118885097,100,32.1088119042083,66.984422227389,24.4582219441442,65.9971305595409,20.8227893861615,0.100006190617628,5.80781957785845,9.50049027676911,0.826167821884155,1.02081954479218,0.907374262809753
11300,2017,162,336,504,37,129,1804,1304,259,0.722838137,0.143569845,100,32.1563181908352,66.6732791112874,27.9363671636827,62.524121960633,25.7648953301127,0.100007445840408,5.506156596932,11.7530507459714,-1.76181828975677,-1.5206458568573,-1.49777936935425
11300,2018,119,210,329,37,129,1816,1337,245,0.73623348,0.134911894,100,36.1896080218778,63.8407778790641,18.1157425251913,48.5516115871073,15.7056315907561,0.100004892810502,4.27493823640515,7.16496890265843,-0.949381649494171,-1.66725814342499,-0.648335814476013
11400,2010,369,324,693,37,129,1362,286,1045,0.209985316,0.767254038,100,53.2534987736257,46.7609291588515,50.8773217825417,35.3076260644914,113.24711639287,0.100007729599569,3.11641340717293,51.038044459822,-1.66419494152069,-1.82901048660278,-1.43797922134399
11400,2011,388,317,707,37,129,1407,272,1125,0.193319119,0.799573561,100,54.8861547164475,44.8451421298261,50.2451851325421,34.4858234823571,116.501286291804,0.100008146295599,3.04403943861459,52.4630370786799,-0.185327723622322,-0.0243615414947271,-0.137725949287415
11400,2012,223,170,394,37,129,1502,408,1085,0.271637816,0.722370173,100,56.6099974625729,43.1616341030195,26.229944744025,20.5511012809879,41.6564567507964,0.100004846328049,1.81398476601682,18.860547599955,-0.992807686328888,-0.720642924308777,-0.733279526233673
11400,2013,206,119,327,37,129,1633,514,1111,0.314758114,0.680342927,100,63.0082543564659,36.4108835218588,20.0232686302125,18.540185401854,23.1472476171951,0.100004373011215,1.63651480888645,10.503744961322,1.71901965141296,-0.0307853370904922,2.01361656188965
11400,2014,173,127,300,37,129,1687,396,1241,0.234736218,0.73562537,100,57.6807730756414,42.3525491502832,17.7819927686563,13.9392474417855,32.0626104519061,0.100004144603516,1.23048760417853,14.5120274613432,-1.42121648788452,-0.56138402223587,-1.83550572395325
11400,2015,135,149,287,37,129,1717,353,1297,0.205591147,0.755387303,100,47.0567746429815,51.9331243469174,16.7142274765593,10.4078328579138,42.1976777116964,0.100004035513883,0.918776865286702,19.0733523315114,2.09710621833801,-0.043077576905489,2.64130043983459
11400,2016,165,74,241,37,129,1681,382,1217,0.227245687,0.723973825,100,68.4778100373289,30.7341352136043,14.3358515257867,13.5568153808233,19.3666579429469,0.100003317656433,1.19671351504394,8.76205704394163,1.14188802242279,0.772812128067017,1.36895477771759
11400,2017,154,127,282,37,129,1664,372,1184,0.223557692,0.711538462,100,54.6260191421482,45.0549450549451,16.9460969893636,13.0056583058863,34.1306100510615,0.100003842811521,1.14804012988609,15.4369070172158,-0.0132043771445751,-0.0873654708266258,-0.0438761226832867
11400,2018,250,135,388,37,129,1652,386,1157,0.233656174,0.700363196,100,64.442154083999,34.8106158206648,23.4852611827371,21.6057384841414,34.965034965035,0.100005249143219,1.90716006917964,15.8211291139332,0.392548620700836,0.932829916477203,-0.2820725440979
11500,2010,42,49,91,37,129,8118,5660,1826,0.697216063,0.224932249,100,46.2129527991219,53.8968166849616,1.12095194688412,2.29998357154592,0.865709086411901,0.100006049745331,0.203072171256793,0.395949038051426,0.28547078371048,0.616778552532196,0.301311433315277
11500,2011,24,77,101,37,129,8534,6449,1731,0.75568315,0.202835716,100,23.837784371909,76.2611275964392,1.18348742105201,1.38640170989544,1.19396504938674,0.100007058634038,0.122406518228688,0.546136155468213,1.19103586673737,0.498905420303345,1.29176700115204
11500,2012,36,60,96,37,129,8894,6632,1989,0.745671239,0.223633911,100,37.5650364203954,62.5390218522373,1.07936722096671,1.80986375747826,0.904690821911612,0.100006992218835,0.159803696667147,0.41382603805043,-0.834336042404175,-0.773920357227325,-0.85615485906601
11500,2013,20,55,75,37,129,8893,6673,1875,0.750365456,0.210839987,100,26.7643142476698,73.3688415446072,0.843350462718287,1.06660978081169,0.824204642519968,0.100005462056767,0.094175103537493,0.377011402441502,3.15705275535583,3.5457603931427,2.98286056518555
11500,2014,28,52,81,37,129,8631,6454,1808,0.747769667,0.209477465,100,34.6485819975339,64.2416769420469,0.938466707603897,1.54858691444057,0.805689406733704,0.100005725228035,0.1367286134853,0.368533695199075,-0.54078608751297,-0.299768358469009,-0.453331083059311
11500,2015,23,31,54,37,129,8547,6443,1614,0.753831754,0.188838189,100,42.6987060998152,57.4861367837338,0.631793239812334,1.42494269252215,0.481134857444398,0.100003779672036,0.125805208011208,0.220077607530667,1.98034334182739,2.05416893959045,2.0984890460968
11500,2016,23,46,69,37,129,8450,6281,1748,0.743313609,0.206863905,100,33.4298118668596,66.7149059334298,0.816558383924451,1.31571420399291,0.732355797551384,0.100004774769966,0.116165972619698,0.33498347223564,1.45861148834229,0.999080419540405,1.62615847587585
11500,2017,26,46,72,37,129,8313,6312,1669,0.759292674,0.200769879,100,36.1997226074896,63.9389736477115,0.866102897835946,1.55772572044815,0.728759050078421,0.100004901589429,0.137530541858016,0.333339466768308,0.393760025501251,0.612958431243896,-0.674840211868286
11500,2018,32,49,81,37,129,8000,6031,1668,0.753875,0.2085,100,39.5807644882861,60.5425400739827,1.0124873439082,1.91835021881182,0.812455439306263,0.100005306664845,0.169369785330223,0.371610505799931,-1.39856350421906,-0.604921817779541,-0.803183853626251
11603,2010,31,38,69,37,129,6377,4964,965,0.778422456,0.151325074,100,45.0072358900145,55.137481910275,1.08199651879381,3.21210237281111,0.765496263169557,0.100003603397405,0.283497323297789,0.350075941442613,1.32496070861816,1.50306260585785,0.341241240501404
11603,2011,11,29,40,37,129,6827,5181,1054,0.758898491,0.154386993,100,27.6807980049875,72.568578553616,0.585900309062413,1.04354425576321,0.559726698963541,0.100002236333389,0.0921086028167031,0.255983283257609,1.95370554924011,0.668932616710663,1.85733962059021
11603,2012,16,9,27,37,129,6893,5237,1326,0.759756274,0.19236907,100,59.409594095941,33.5793357933579,0.391696043869957,1.20654550938843,0.171850833476542,0.100001524118366,0.106512157449625,0.0785943332949092,-0.682596385478973,-0.71494048833847,-0.959527909755707
11603,2013,18,72,90,37,129,6662,5086,1273,0.763434404,0.191083759,100,20.0887902330744,80.0221975582686,1.35092538388796,1.41387165187338,1.41562297241501,0.100004910139056,0.124811553224876,0.647405194336946,0.177138566970825,-0.30117854475975,0.205795228481293
11603,2014,9,8,17,37,129,7203,5511,1422,0.765097876,0.197417743,100,53.2163742690058,47.3684210526316,0.236009495911483,0.632866886998101,0.145161582987062,0.100001002787681,0.0558708340306484,0.0663910796568463,1.82922434806824,1.20691311359406,1.81729829311371
11603,2015,6,11,17,37,129,7664,5772,1560,0.753131524,0.203549061,100,35.672514619883,64.9122807017544,0.22181338970003,0.384590731363374,0.190571888913913,0.100001066967206,0.0339541406827979,0.0871631296945288,2.90928411483765,2.59124374389648,2.72046852111816
11603,2016,1,5,6,37,129,7499,5601,1517,0.746899587,0.202293639,100,18.0327868852459,83.6065573770492,0.0800096011521382,0.0659152330103487,0.089268179464748,0.100000368469256,0.00581933748907586,0.0408282136137975,0.370809078216553,0.35959404706955,0.154972478747368
11603,2017,5,11,16,37,129,7708,5723,1627,0.74247535,0.211079398,100,31.6770186335404,68.944099378882,0.207573850884135,0.30729518775736,0.192203526061051,0.100001009969695,0.0271305541210805,0.087908819035897,-1.81170046329498,-2.09551048278809,-1.52811574935913
11603,2018,9,4,13,37,129,7781,5952,1493,0.764940239,0.191877651,100,69.4656488549618,31.2977099236641,0.167071493747671,0.602772754671489,0.0672031719897179,0.10000082837202,0.0532154531209092,0.0307378812953032,-2.62994289398193,-2.03009867668152,-2.36963605880737
11605,2010,86,98,184,37,129,5228,4046,893,0.773909717,0.170811018,100,46.7680608365019,53.286257468767,3.51944300988887,9.62938080842011,2.42208546501569,0.100007877711206,0.849825098936879,1.10743914486899,-0.0929115414619446,0.211181297898293,-0.274113804101944
11605,2011,91,147,241,37,129,4916,3292,1312,0.669650122,0.266883645,100,37.785151389465,61.0120282040647,4.90225992148248,6.93544699336941,4.4652349564108,0.100009702319469,0.612247746487079,2.04110238416874,-1.01727366447449,-1.60380482673645,-0.811415135860443
11605,2012,79,155,236,37,129,4981,3407,1209,0.683999197,0.242722345,100,33.5027530707327,65.6925031766201,4.7379092971432,6.5337854602597,4.54932347157407,0.100009626650359,0.576760534893191,2.07963539882236,-2.07027792930603,1.14600110054016,-2.40178442001343
11605,2013,94,164,260,37,129,5130,3493,1158,0.680896686,0.225730994,100,36.1783929257978,63.0911188004614,5.06812732695269,8.11674294102409,4.69497008387965,0.10001092288514,0.716473407415497,2.14628428437456,0.903217196464539,-0.082921102643013,0.96270740032196
11605,2014,63,111,174,37,129,5060,3743,822,0.73972332,0.162450593,100,36.2435381964388,63.8139000574383,3.43866722001541,7.66330130154482,2.96545643984932,0.10000721018518,0.676260819425446,1.35576088014264,0.0403670445084572,-0.0958672389388084,-0.155220717191696
11605,2015,90,162,255,37,129,5044,3962,797,0.785487708,0.158009516,100,35.3194825558604,63.5437083496668,5.05541127257588,11.290929619872,4.08874081926251,0.10001053323836,0.996357191208462,1.86943259950865,-0.672983527183533,0.171922937035561,-0.658357203006744
11605,2016,88,115,207,37,129,5382,4139,881,0.769044965,0.163693794,100,42.5398358281024,55.5770159343312,3.84608238419948,9.98751560549313,2.77838177381556,0.100009123483536,0.88142117454071,1.27037843996987,2.16935801506042,-0.146163359284401,2.47753000259399
11605,2017,121,133,257,37,129,5115,3904,926,0.763245357,0.181036168,100,47.1022948269156,51.7697394010113,5.02433970010361,13.0655436777886,3.40667503393868,0.100010765282108,1.15311398406004,1.55755594523929,0.613737225532532,-1.14155042171478,0.735793828964233
11605,2018,65,103,169,37,129,5603,4176,1346,0.74531501,0.240228449,100,38.4979302188054,60.969840331165,3.01618746765184,4.8287645791546,2.4664160340988,0.100007754503223,0.42628035190672,1.1277470145239,0.0864456072449684,0.934379100799561,0.063575491309166
11606,2010,11,15,26,37,129,4020,3335,470,0.82960199,0.116915423,100,42.5287356321839,57.8544061302682,0.64675008084376,2.33992767496277,0.449761626338041,0.100000855945385,0.20634375022053,0.20559401967498,0.721472442150116,0.87975537776947,0.921129405498505
11606,2011,8,24,33,37,129,4047,3341,549,0.82554979,0.135656042,100,24.4712990936556,72.809667673716,0.815398680536681,1.45692952103442,0.718326299721649,0.100001093688884,0.128508359714279,0.328360487681471,1.13057398796082,2.6760368347168,0.801526427268982
11606,2012,7,28,35,37,129,4201,3559,463,0.847179243,0.110211854,100,20.2279202279202,80.0569800569801,0.833115136511866,1.51155258043619,0.786715742743952,0.100001204113373,0.133291122240825,0.359652072026027,-1.0314416885376,-1.60298943519592,-0.635845422744751
11606,2013,8,14,22,37,129,4285,3582,600,0.835939323,0.140023337,100,36.6515837104072,63.8009049773756,0.513406921658771,1.33311114814198,0.390832193406103,0.100000772005085,0.117601206422837,0.178672847759698,0.418671697378159,-0.0684663355350494,0.334769517183304
11606,2014,4,18,23,37,129,4498,3843,509,0.854379724,0.113161405,100,17.7489177489177,78.3549783549784,0.511327004735333,0.785700255352583,0.468371887278499,0.100000847215594,0.0692948767310353,0.214139049476155,0.621822237968445,0.706248939037323,0.734889388084412
11606,2015,13,33,46,37,129,4786,4016,629,0.839114083,0.13142499,100,28.4164859002169,71.8004338394794,0.961116566724473,2.06644412652996,0.821692686935086,0.100001802923003,0.182303573836797,0.375695716024145,0.198765993118286,-0.0526348650455475,0.43262904882431
11606,2016,2,13,15,37,129,4809,4084,595,0.849241006,0.123726346,100,13.9072847682119,86.7549668874172,0.311908673140504,0.336077970089061,0.318307583066037,0.100000590734982,0.0296469967323767,0.145539828430838,-1.39424574375153,0.0819061174988747,-2.07631015777588
11606,2017,7,12,19,37,129,5044,4180,671,0.828707375,0.133029342,100,37.1727748691099,63.3507853403141,0.376677702662517,1.04306362688124,0.287074471902586,0.100000784829525,0.0920271808455852,0.131262409077293,-2.11095952987671,-1.8571435213089,-1.77959012985229
11606,2018,9,11,20,37,129,5114,4278,628,0.83652718,0.122800156,100,45.273631840796,55.2238805970149,0.391075653585186,1.43289285145677,0.2571234893995,0.100000837601359,0.126410855827416,0.117570453651776,-2.23777484893799,-2.61049342155457,-1.92821216583252
11607,2010,0,3,3,37,129,10451,8353,882,0.79925366,0.084393838,100,3.2258064516129,100,0.028705112380515,0,0.0359148100705127,0.100000256759048,0,0.0164305300022836,-0.275192558765411,-0.0148614896461368,-0.19384840130806
11607,2011,0,6,6,37,129,10451,8518,924,0.815041623,0.088412592,100,1.63934426229508,100,0.0574102247610299,0,0.0704382432702128,0.100000513518095,0,0.0322248586888286,-0.741838455200195,-0.468986481428146,-0.519110560417175
11607,2012,1,43,44,37,129,10824,9515,891,0.879065041,0.082317073,100,2.49433106575964,97.7324263038549,0.406500309494554,0.112220850634048,0.451913274689704,0.100003900202118,0.00990384634514646,0.206757613698721,-0.323130041360855,-0.0321159921586514,-0.203227832913399
11607,2013,0,4,4,37,129,10985,9677,986,0.880928539,0.089758762,100,2.4390243902439,100,0.0364129593722406,0,0.0413346973783468,0.100000359837737,0,0.0189114397858666,-0.355206459760666,-1.45489645004272,-0.18477788567543
11607,2014,0,3,3,37,129,10857,9319,1073,0.858340241,0.098830248,100,3.2258064516129,100,0.0276316880198211,0,0.0321919498664034,0.100000266733612,0,0.0147281907126099,1.21442401409149,-0.043077576905489,1.53145229816437
11607,2015,0,6,6,37,129,10860,9222,1194,0.849171271,0.109944751,100,1.63934426229508,100,0.0552481100542352,0,0.0650611032194403,0.100000533614632,0,0.0297660595323832,2.01426529884338,1.70298707485199,2.08474206924438
11607,2016,0,1,1,37,129,11571,9543,1385,0.824734249,0.119695791,100,9.09090909090909,100,0.00864222070503236,0,0.0104787752407499,0.100000094758363,0,0.00479421533820428,0.444475114345551,0.314106047153473,0.166099712252617
11607,2017,2,5,7,37,129,11629,9349,1629,0.80393843,0.140080832,100,29.5774647887324,71.8309859154929,0.0601938241136459,0.122767172058192,0.0534810837406809,0.100000666633393,0.0108389050857086,0.0244682542651051,0.270324289798737,0.731436610221863,-0.353407114744186
11607,2018,0,2,2,37,129,12732,10186,1434,0.800031417,0.112629595,100,4.76190476190476,100,0.0157083277699672,0,0.0196346000922826,0.100000208532274,0,0.00898342462671561,0.262721925973892,0.547486901283264,0.280415147542953
11608,2010,1,0,1,37,129,5308,3934,1195,0.741145441,0.225131876,100,100,9.09090909090909,0.018839132646333,0.0836750062756255,0,0.100000043468792,0.00738623507824178,0,0.74982100725174,0.108725287020206,0.847864508628845
11608,2011,0,5,5,37,129,5272,4142,973,0.785660091,0.184559939,100,1.96078431372549,100,0.0948388687619734,0,0.120711716279182,0.100000215869885,0,0.0551938841775923,-0.982730567455292,-1.22811925411224,-0.972760915756226
11608,2012,1,0,1,37,129,5457,4263,1015,0.781198461,0.185999633,100,100,9.09090909090909,0.0183247512415019,0.098512461826421,0,0.100000044688997,0.00869497034757556,0,3.1512451171875,4.22155284881592,2.81305813789368
11608,2013,0,0,0,37,129,5674,4607,871,0.811949242,0.153507226,100,100,100,0,0,0,0.1,0,0,-0.39111790060997,-0.304691284894943,-0.260512888431549
11608,2014,0,0,0,37,129,5766,4958,633,0.859868193,0.109781478,100,100,100,0,0,0,0.1,0,0,1.46009349822998,1.18846237659454,1.64421010017395
11608,2015,0,0,0,37,129,6467,5381,813,0.832070512,0.125715169,100,100,100,0,0,0,0.1,0,0,1.49878895282745,1.80461812019348,1.45809590816498
11608,2016,1,0,1,37,129,5993,4789,967,0.799098949,0.161354914,100,100,9.09090909090909,0.0166858554003771,0.103401923275773,0,0.100000049078461,0.00912617788410337,0,-0.758090794086456,-0.48647665977478,-1.08702170848846
11608,2017,0,0,0,37,129,6101,5002,765,0.819865596,0.12538928,100,100,100,0,0,0,0.1,0,0,-1.71814680099487,-0.897577464580536,-0.815146505832672
11608,2018,0,0,0,37,129,6144,4906,1003,0.798502604,0.163248698,100,100,100,0,0,0,0.1,0,0,0.867473959922791,0.623963713645935,0.345844626426697
11701,2010,16,91,107,37,129,4056,3749,139,0.924309665,0.034270217,100,15.0326797385621,85.0606909430439,2.63800202164641,11.5025161754134,2.42724920647622,0.100003554089644,1.01033644592964,1.10970296791011,1.49102115631104,0.495567709207535,1.41538667678833
11701,2011,14,91,105,37,129,4345,3998,141,0.92013809,0.032451093,100,13.4157944814462,86.6793529971456,2.41651515500219,9.92204110559887,2.27608113854081,0.100003736162298,0.871582820104984,1.04066843907489,-0.917392253875732,-0.766092658042908,-0.795254766941071
11701,2012,18,73,91,37,129,4710,4469,118,0.948832272,0.025053079,100,19.8682766190999,80.2414928649835,1.93201842848347,15.2413209144793,1.63343849992168,0.100003510014845,1.33740688706662,0.746927816892026,0.359824746847153,0.0102715352550149,0.216346338391304
11701,2013,15,57,72,37,129,4775,4520,125,0.946596859,0.02617801,100,20.9431345353675,79.1955617198336,1.50782182572093,11.9904076738609,1.26103404791929,0.100002815480515,1.0525313573281,0.576643715018898,-0.183724626898766,0.148019194602966,-0.667700946331024
11701,2014,15,69,84,37,129,4840,4589,89,0.948140496,0.01838843,100,17.9548156956005,82.1640903686088,1.73550133261709,16.8350168350168,1.50356279008956,0.100003329440833,1.47409048669017,0.687557116066921,2.21880173683167,1.98374736309052,2.04055786132812
11701,2015,9,70,79,37,129,4995,4823,0,0.965565566,0,100,11.5044247787611,88.621997471555,1.58154991892054,9000,1.45134871762974,0.10000323153778,90,0.663711775833888,0.422179669141769,-0.232942059636116,0.3950474858284
11701,2016,25,77,102,37,129,5065,4956,0,0.978479763,0,100,24.5837414299706,75.5142017629775,2.01378057688891,25000,1.55364096769637,0.10000423083682,250,0.710508410646354,-2.2852885723114,-2.34505200386047,-1.94797813892365
11701,2017,29,78,108,37,129,4850,4650,92,0.958762887,0.018969072,100,26.9195189639223,72.2479185938945,2.2267582111709,31.4875135722041,1.67738328207996,0.100004289554083,2.75786025131547,0.767052474155482,-2.79482460021973,-1.99197936058044,-2.48774313926697
11701,2018,16,69,85,37,129,4811,4618,38,0.9598836,0.007898566,100,18.9189189189189,81.1985898942421,1.76674772920954,41.994750656168,1.49412095883588,0.100003348890414,3.63470118077341,0.683243687645754,0.00730227818712592,0.375401556491852,-0.162054672837257
11703,2010,0,32,33,37,129,3582,3408,111,0.951423786,0.030988275,100,0.302114803625378,96.9788519637462,0.92124731302867,0,0.938939585106071,0.100000968024112,0,0.42921827007224,-1.49577116966248,-0.616094589233398,-1.43476116657257
11703,2011,7,32,39,37,129,3729,3620,27,0.970769643,0.007240547,100,18.1585677749361,82.0971867007673,1.04582875224585,25.830258302583,0.883953481948013,0.100001190977739,2.21751047993048,0.404113474293757,-1.99671387672424,-0.546202301979065,-2.03676462173462
11703,2012,2,21,23,37,129,3743,3686,29,0.984771574,0.007747796,100,9.09090909090909,91.3419913419913,0.614463946995806,6.87285223367698,0.569707821274518,0.100000705008441,0.591171190039978,0.260456804402627,0.500478625297546,-0.0725895687937737,0.572093725204468
11703,2013,0,28,28,37,129,3972,3886,18,0.978348439,0.004531722,100,0.355871886120996,100,0.704916794642632,0,0.720516713414477,0.100000910780922,0,0.329423594847469,-1.10360515117645,-0.984116494655609,-1.11254024505615
11703,2014,2,14,16,37,129,3984,3875,27,0.972640562,0.006777108,100,13.0434782608696,87.5776397515528,0.401596345473256,7.38007380073801,0.361280999200021,0.100000522018586,0.633574422837281,0.165178814736432,-0.865174531936646,-0.482864737510681,-0.647417843341827
11703,2015,5,15,20,37,129,4041,3903,15,0.965850037,0.003711952,100,25.3731343283582,75.1243781094527,0.494914750934152,33.112582781457,0.384309907509416,0.100000661859032,2.78061582023038,0.175709159111323,1.86867213249207,1.06147038936615,2.0239884853363
11703,2016,0,10,10,37,129,4132,3954,17,0.956921588,0.00411423,100,0.99009900990099,100,0.242007695844728,0,0.252902051035634,0.100000338381777,0,0.115630283229541,0.0791261494159698,-1.00571048259735,0.0871481373906136
11703,2017,1,18,19,37,129,4252,4078,18,0.959078081,0.004233302,100,5.75916230366492,94.7643979057592,0.446838032971943,5.52486187845304,0.441382016134965,0.100000661596975,0.467771613871011,0.201812846503255,-0.332358956336975,0.61030524969101,-0.277096688747406
11703,2018,4,14,18,37,129,4298,4157,25,0.967194044,0.005816659,100,22.6519337016575,77.9005524861878,0.418789697773435,15.9362549800797,0.336773231339155,0.10000063355682,1.36506128167383,0.153985840957673,0.328437983989716,-1.27966070175171,0.654214978218079
11705,2010,0,5,5,37,129,8227,7770,40,0.944451197,0.00486204,100,1.96078431372549,100,0.0607747565970998,0,0.0643492361745666,0.100000336866757,0,0.0294377042973573,1.06458580493927,2.06671190261841,1.00076198577881
11705,2011,1,6,7,37,129,8153,7833,5,0.960750644,0.000613271,100,15.4929577464789,85.9154929577465,0.0858569133213134,19.6078431372549,0.0765980263241884,0.100000467371403,1.50137914772509,0.0350412938341593,-1.06681191921234,-1.57441532611847,-0.726272106170654
11705,2012,0,9,9,37,129,8220,7899,96,0.960948905,0.011678832,100,1.0989010989011,100,0.109487719127505,0,0.113937030800977,0.100000605844237,0,0.0521230144332327,-0.0539419874548912,0.0245885495096445,-0.331045031547546
11705,2013,2,1,3,37,129,8271,7990,28,0.966025874,0.003385322,100,67.741935483871,35.4838709677419,0.0362708708636094,7.11743772241993,0.0125154879162964,0.100000203201041,0.611638762514423,0.00572552366479257,0.674090087413788,0.0963976159691811,0.880714237689972
11705,2014,1,2,3,37,129,8036,7681,118,0.955823793,0.014683922,100,35.4838709677419,67.741935483871,0.0373315414193452,0.846740050804403,0.0260379372746091,0.100000197427587,0.0743003826148123,0.0119114387198744,-0.148617178201675,-0.507338404655457,0.112495824694633
11705,2015,1,0,1,37,129,7915,7543,115,0.953000632,0.014529375,100,100,9.09090909090909,0.01263407916514,0.868809730668984,0,0.100000064818291,0.0762238792133119,0,-1.32211172580719,-0.969195246696472,-1.08608627319336
11705,2016,0,1,1,37,129,8158,7678,230,0.94116205,0.028193185,100,9.09090909090909,100,0.0122577560951692,0,0.0130240554303799,0.10000006680829,0,0.00595804503234493,-2.65955114364624,-1.87979352474213,-2.33560705184937
11705,2017,0,2,2,37,129,8728,8330,193,0.954399633,0.022112741,100,4.76190476190476,100,0.0229144945635362,0,0.0240093156144584,0.100000142952379,0,0.0109839143310773,-3.7015323638916,-2.98631834983826,-3.31606459617615
11705,2018,0,5,5,37,129,9112,8592,258,0.942932397,0.028314311,100,1.96078431372549,100,0.0548720931508653,0,0.0581929912361355,0.100000373104399,0,0.0266228871849038,1.25183534622192,-0.0125594902783632,1.30093789100647
11800,2010,0,1,1,37,129,2587,2587,0,1,0,100,9.09090909090909,100,0.0386533183873836,0,0.0386533183873836,0.100000021185713,0,0.0176622712940635,-0.80967104434967,-0.412547916173935,-0.591003358364105
11800,2011,0,7,7,37,129,2519,2508,8,0.995633188,0.003175863,100,1.40845070422535,100,0.277877019570482,0,0.279095729835334,0.100000144401885,0,0.127523236562676,-0.431133627891541,-0.0305896494537592,-0.286392509937286
11800,2012,0,1,1,37,129,2504,2482,16,0.991214058,0.006389776,100,9.09090909090909,100,0.0399345074078511,0,0.0402884654123524,0.100000020506001,0,0.0184080910501256,-1.36466503143311,-1.34285795688629,-1.56956648826599
11800,2013,0,3,3,37,129,2511,2490,2,0.991636798,0.000796495,100,3.2258064516129,100,0.119469555175023,0,0.120477089273523,0.100000061689979,0,0.0550471713292807,1.21442401409149,-0.043077576905489,1.53145229816437
11800,2014,0,3,3,37,129,2525,2498,1,0.989306931,0.00039604,100,3.2258064516129,100,0.118807175953428,0,0.120091269364717,0.100000062033929,0,0.0548712017925385,2.81439733505249,2.21469044685364,2.6493067741394
11800,2015,0,3,3,37,129,2540,2507,0,0.987007874,0,100,3.2258064516129,100,0.118105586394236,0,0.119660165131028,0.100000062402448,0,0.0546745760253966,0.0101483715698123,-0.106419958174229,-0.322373956441879
11800,2016,0,0,0,37,129,2546,2508,0,0.985074627,0,100,100,100,0,0,0,0.1,0,0,0.102588646113873,0.444252341985703,-0.295414507389069
11800,2017,0,0,0,37,129,2545,2490,0,0.978388998,0,100,100,100,0,0,0,0.1,0,0,1.52744400501251,1.38666164875031,1.59906125068665
11800,2018,0,1,1,37,129,2536,2483,4,0.979100946,0.001577287,100,9.09090909090909,100,0.0394306218209061,0,0.0402722403447304,0.100000020768059,0,0.0184006910425177,0.415326952934265,-0.0653537809848785,0.513345181941986
11902,2010,59,155,216,37,129,5154,4924,204,0.955374466,0.039580908,100,27.3484497917631,71.772327626099,4.19083836169263,28.9073983341499,3.14778335127231,0.100009116850204,2.54365006693107,1.43953041539246,-0.341124683618546,-0.406934648752213,-0.378092676401138
11902,2011,37,171,209,37,129,5486,5046,377,0.919795844,0.068720379,100,17.7427068388331,81.8268770923003,3.80962796886677,9.8117210289048,3.38875567269773,0.100009389635708,0.86488018181025,1.54976485401732,2.9293487071991,3.53150057792664,2.68894648551941
11902,2012,36,163,200,37,129,5923,5383,504,0.908829985,0.085092014,100,18.0409795102449,81.5092453773113,3.37661022099914,7.1414401904384,3.02799502145604,0.100009701041938,0.629830108739889,1.38485661478211,-0.317816019058228,-0.142540827393532,-0.21495309472084
11902,2013,42,132,176,37,129,6092,5501,526,0.902987525,0.086342745,100,23.9068710959682,75.0141964792731,2.88898737709493,7.98327314198821,2.3995200959808,0.100008780499373,0.70412016208165,1.0974425290433,0.509804606437683,-0.147139146924019,0.806232035160065
11902,2014,36,125,162,37,129,6136,5595,482,0.911831812,0.078552803,100,22.2702035780382,77.1745835903763,2.64011342709539,7.4673304293715,2.2340976926239,0.100008140423873,0.658524955251231,1.0217990357613,1.54589700698853,0.903793096542358,1.69412505626678
11902,2015,68,155,231,37,129,6328,5752,477,0.90897598,0.075379267,100,29.4677628732151,67.1138035482475,3.65038479164362,14.2527771955565,2.69466803428313,0.100011970853176,1.25689495020784,1.23247488240882,-0.349693566560745,-0.0197855364531279,-0.840787053108215
11902,2016,29,101,133,37,129,6159,5634,422,0.914758889,0.068517616,100,21.8632607062359,75.9579263711495,2.15940640678021,6.87040985548448,1.79265543742568,0.100006708238562,0.60574436794398,0.819903150075826,-1.44506561756134,-0.746672034263611,-0.247572273015976
11902,2017,22,109,131,37,129,6001,5677,236,0.946008999,0.039326779,100,16.8573607932876,83.2189168573608,2.18293312892636,9.31808555696739,1.9199943633193,0.100006437860712,0.820351831510936,0.878149175618745,1.42358362674713,1.30761098861694,0.697092711925507
11902,2018,21,81,102,37,129,5931,5468,342,0.921935593,0.057663126,100,20.666013712047,79.4319294809011,1.71974844463927,6.13855597778427,1.48131892247764,0.100004954213855,0.540984573689282,0.677491473750012,0.828385472297668,0.0816068723797798,0.697803139686584
11903,2010,93,187,281,37,129,6849,5922,284,0.864651774,0.041465907,100,33.1198861615084,66.5599430807542,4.10272882568513,32.7349524815206,3.15766366660475,0.100015760868295,2.88355258173529,1.44426994298503,-2.04482173919678,-1.98997843265533,-1.40422463417053
11903,2011,86,196,283,37,129,7210,6197,279,0.859500693,0.038696255,100,30.4132815259626,69.2688096079124,3.92504958322353,30.8133285560731,3.16276968259347,0.100016709688504,2.71414711000692,1.44665385910029,0.132819622755051,-0.041338998824358,-0.157134667038918
11903,2012,42,159,202,37,129,7641,7048,289,0.922392357,0.037822275,100,20.8312716476992,78.7234042553192,2.64359843478033,14.5278450363196,2.25592712929726,0.10001264003344,1.27978793625934,1.03195316982108,-0.824504673480988,-0.896910727024078,-0.930435657501221
11903,2013,66,142,211,37,129,8041,7293,432,0.906976744,0.053724661,100,31.3121743249645,67.3140691615348,2.62401910186417,15.2742420735941,1.94704583784673,0.100013894379964,1.3467439270853,0.890677251874487,2.66900444030762,2.38980650901794,2.42800736427307
11903,2014,50,166,217,37,129,8637,7629,618,0.88329281,0.071552622,100,23.0769230769231,76.5085214187011,2.51241736230911,8.08930593755056,2.17587919938132,0.100015348619053,0.713630108304232,0.995384102794987,1.10327970981598,0.812982320785522,0.985368967056274
11903,2015,51,144,196,37,129,8864,7601,980,0.857513538,0.110559567,100,26.0581336053034,73.4829168791433,2.21116639027087,5.20355065809611,1.89446264356475,0.100014227627051,0.459266493328933,0.866644584422332,-1.56379389762878,-2.29386782646179,-1.25729429721832
11903,2016,43,157,202,37,129,9092,7857,1025,0.8641663,0.112736472,100,21.326076199901,77.7337951509154,2.22170895612675,4.19471271095503,1.99819271741482,0.100015040332945,0.370239219550215,0.914114680091911,-2.48431992530823,-1.78867018222809,-2.22596383094788
11903,2017,38,167,205,37,129,8753,7547,962,0.862218668,0.109905175,100,18.5763042418333,81.4724524622136,2.34202739600827,3.94969337906663,2.21277046812683,0.10001469458899,0.348595573655567,1.01225404038969,0.391041249036789,4.89368104934692,0.363714456558228
11903,2018,38,136,174,37,129,9015,7722,957,0.856572379,0.106156406,100,21.8839747271683,78.1734635267088,1.93009506272809,3.97032702956849,1.7611789539115,0.10001284581411,0.350415187646737,0.805679799061324,-1.02305102348328,0.965587377548218,-1.10102987289429
11904,2010,4,58,63,37,129,1836,1788,17,0.973856209,0.009259259,100,6.49762282091918,92.0760697305864,3.43118566526878,23.3918128654971,3.24366646160729,0.100000947239675,1.97571399449046,1.48101964247692,-2.65688252449036,-0.648080825805664,-2.86446094512939
11904,2011,10,41,55,37,129,1712,1635,14,0.955023364,0.00817757,100,18.3303085299456,74.5916515426497,3.21242918053852,70.9219858156028,2.50749189652009,0.100000771104262,5.93488726987382,1.14462354991353,0.543042719364166,-0.0302698407322168,0.634047389030457
11904,2012,6,34,40,37,129,1645,1488,116,0.904559271,0.070516717,100,15.211970074813,85.0374064837905,2.43146313294025,5.16795865633075,2.2847926886634,0.100000538855782,0.453430455862199,1.0426842212537,-0.995741188526154,-0.498791664838791,-1.09018278121948
11904,2013,1,30,31,37,129,1636,1492,96,0.91198044,0.058679707,100,3.53697749196141,96.7845659163987,1.89474970967545,1.04058272632674,2.01058910260706,0.100000415328417,0.0911723129742141,0.917556503813295,-1.0992523431778,-0.898868560791016,-0.960965931415558
11904,2014,4,25,30,37,129,1732,1597,90,0.922055427,0.051963048,100,13.6212624584718,83.3887043189369,1.73200161653484,4.43951165371809,1.5653371736272,0.100000425515903,0.388765570981239,0.714500967226784,1.1621265411377,0.130040466785431,1.29783308506012
11904,2015,3,22,27,37,129,1898,1728,109,0.910432034,0.057428872,100,11.4391143911439,81.549815498155,1.42247510668563,2.74977085242896,1.27307447485678,0.100000419668745,0.241157881972775,0.581220305159851,0.182818397879601,-0.113422326743603,0.0828247368335724
11904,2016,1,26,27,37,129,2253,2102,113,0.932978251,0.050155348,100,4.0590405904059,96.309963099631,1.19834894145844,0.884173297966401,1.23685837971552,0.100000498163162,0.0775625104995089,0.564945646028957,-0.658226668834686,-0.84494560956955,-0.41569721698761
11904,2017,2,63,65,37,129,2442,2268,108,0.928746929,0.044226044,100,3.2258064516129,96.9278033794163,2.66164366733549,1.85013876040703,2.77765530620343,0.100001299887208,0.162248473827885,1.26891521048498,0.314590245485306,0.0666757971048355,0.431185245513916
11904,2018,6,24,30,37,129,2834,2691,77,0.949541284,0.027170078,100,20.265780730897,80.0664451827243,1.05853710172542,7.78210116731517,0.891828620266805,0.100000696254082,0.680485370977076,0.407539933164914,0.860211133956909,1.26036751270294,0.942669570446014
12001,2010,19,121,141,37,129,6252,5571,294,0.891074856,0.047024952,100,13.5364989369242,85.8256555634302,2.25524223860783,6.46038762325739,2.17192295955915,0.100007219127893,0.569135061879917,0.993359041009912,-0.776364743709564,-0.712608695030212,-0.6763756275177
12001,2011,12,139,152,37,129,6238,5731,192,0.91872395,0.030779096,100,7.95529257067719,91.4529914529915,2.436639361344,6.2467464862051,2.42536336828881,0.100007764895442,0.549539014998634,1.10929839041716,0.727319359779358,0.389003843069077,0.735996305942535
12001,2012,7,72,79,37,129,6419,5744,262,0.894843434,0.040816327,100,8.97597977243995,91.1504424778761,1.23070212335063,2.67073636016787,1.25346007207395,0.100004152801003,0.235205221781,0.573301186581083,-0.356673866510391,-0.379907071590424,-0.167265966534615
12001,2013,6,117,123,37,129,6304,5522,373,0.875951777,0.059168782,100,4.9553208773355,95.1259138911454,1.95111118161197,1.60814794961136,2.11875916770794,0.100006349915845,0.141751317447482,0.969036939687805,-0.370377004146576,-0.507607519626617,-0.22420409321785
12001,2014,10,85,95,37,129,6456,5833,406,0.90350062,0.062887237,100,10.6203995793901,89.4847528916929,1.47147658803302,2.46244767298695,1.45720114518866,0.100005022660005,0.217091118563594,0.666495161743302,-1.7324333190918,-1.24229168891907,-1.50411427021027
12001,2015,22,89,111,37,129,6819,6176,368,0.905704649,0.053966857,100,19.8919891989199,80.1980198019802,1.62778079218665,5.97663678348275,1.44103884328298,0.100006198553058,0.526799806925139,0.659130918606221,-2.50300931930542,-1.76826572418213,-2.25076508522034
12001,2016,15,71,86,37,129,6776,5918,471,0.873376623,0.069510035,100,17.5377468060395,82.5783972125435,1.26916662977229,3.18403735937168,1.19970936618171,0.100004772198527,0.280781554295817,0.548729527935208,-1.4384948015213,-1.87104773521423,-1.31376755237579
12001,2017,15,67,84,37,129,7105,6291,496,0.885432794,0.069809993,100,17.9548156956005,79.7859690844233,1.18224937017072,3.02358395484781,1.06499658247365,0.100004887536594,0.266654416694072,0.487135704052432,1.69809055328369,2.72665691375732,1.10588562488556
12001,2018,18,41,60,37,129,7406,6557,261,0.885363219,0.035241696,100,30.1164725457571,68.3860232945092,0.810142990237777,6.89391037916507,0.625276417928657,0.100003638996282,0.607122904253674,0.286013364750234,0.181681260466576,-0.471539735794067,0.43812757730484
12004,2010,0,4,4,37,129,3860,3636,39,0.941968912,0.010103627,100,2.4390243902439,100,0.103624258438901,0,0.110007975578229,0.100000126442755,0,0.0502921791268666,1.49453842639923,3.63275837898254,-0.295778423547745
12004,2011,1,16,17,37,129,4016,3756,42,0.935258964,0.010458167,100,6.4327485380117,94.1520467836257,0.423296232663529,2.37529691211401,0.425973749367695,0.100000559099726,0.205979336613976,0.194749423945657,-1.27567648887634,-2.010817527771,-1.05478835105896
12004,2012,1,12,13,37,129,3858,3668,18,0.950751685,0.00466563,100,8.3969465648855,92.3664122137405,0.336953422669189,5.52486187845304,0.327144843379406,0.100000410726032,0.467771613871011,0.14956191585376,-0.234136268496513,-0.043077576905489,-0.0877573862671852
12004,2013,4,13,17,37,129,3750,3437,58,0.916533333,0.015466667,100,23.9766081871345,76.6081871345029,0.453321244766806,6.88468158347676,0.378225829914754,0.100000522067722,0.600039339297054,0.172900616929565,2.05474901199341,1.5980978012085,1.99957263469696
12004,2014,2,9,11,37,129,3705,3460,39,0.933873144,0.010526316,100,18.9189189189189,81.981981981982,0.296888073196405,5.1150895140665,0.260108089361579,0.100000333754824,0.442945973339762,0.118905781878907,1.16092884540558,0.988221704959869,0.921335160732269
12004,2015,0,7,7,37,129,3790,3566,32,0.940897098,0.008443272,100,1.40845070422535,100,0.184691696789003,0,0.196292868960489,0.100000217262065,0,0.0897367464765362,-0.386524617671967,0.0200621355324984,-0.995201289653778
12004,2016,0,7,7,37,129,3633,3363,81,0.925681255,0.022295623,100,1.40845070422535,100,0.192672923949244,0,0.208141298207011,0.100000208262027,0,0.0951461425602247,1.06881237030029,1.10910022258759,1.11999559402466
12004,2017,1,8,9,37,129,3587,3414,83,0.951770282,0.023139113,100,12.0879120879121,89.010989010989,0.250899054946893,1.20336943441637,0.234322368999151,0.100000264375094,0.10530194261873,0.107116235546616,0.481922030448914,-0.144124045968056,0.493612498044968
12004,2018,0,7,7,37,129,3740,3561,45,0.952139037,0.012032086,100,1.40845070422535,100,0.187160771102377,0,0.196568476032687,0.100000214395811,0,0.08986258408791,0.329098075628281,0.416495263576508,0.377327352762222
12006,2010,10,45,56,37,129,3789,3478,258,0.917920296,0.068091845,100,18.0035650623886,80.3921568627451,1.47792351745797,3.87446726075165,1.29380983870504,0.100001737637922,0.341199103179361,0.591456035656572,2.72958445549011,3.32968854904175,2.44823694229126
12006,2011,10,63,73,37,129,3601,3211,336,0.891696751,0.093307415,100,13.8166894664843,86.3201094391245,2.02715836827636,2.9753049687593,1.96194450499829,0.100002152745228,0.262199848975798,0.896793216024449,-0.133198171854019,-0.0431458353996277,-0.0957268327474594
12006,2012,3,52,55,37,129,3578,3205,324,0.895751817,0.090553382,100,5.62613430127042,94.5553539019964,1.53712864369358,0.925640234495526,1.62241427724564,0.100001611571875,0.0815653654493215,0.741594026358315,0.66257232427597,0.17487533390522,0.891544461250305
12006,2013,19,57,76,37,129,3720,3396,280,0.912903226,0.075268817,100,25.0985545335085,75.0328515111695,2.04295583452058,6.78329168154231,1.67839580695504,0.100002315278218,0.597502325625737,0.767242979732661,2.17256736755371,1.88387227058411,2.16559147834778
12006,2014,3,49,52,37,129,3949,3412,429,0.864016207,0.108635097,100,5.95009596928983,94.2418426103647,1.31675571649237,0.699137730132836,1.43606576595059,0.100001681655884,0.0616428347943959,0.65647100366027,-0.351349234580994,-0.0179288219660521,-0.575815498828888
12006,2015,10,37,48,37,129,4002,3499,272,0.874312844,0.067966017,100,20.997920997921,77.1309771309771,1.19937033057645,3.67511944138184,1.0574147637964,0.100001573131312,0.323694230903146,0.483393425467694,-0.724226117134094,-0.301258474588394,-0.571806848049164
12006,2016,23,46,70,37,129,4184,3652,245,0.872848948,0.058556405,100,32.9529243937233,65.7631954350927,1.67300016730002,9.38392492860057,1.25954930040251,0.100002398481481,0.826248566700156,0.575829343344959,0.14517430961132,-0.523309111595154,-0.404928386211395
12006,2017,19,43,63,37,129,4387,3792,279,0.864372008,0.063596991,100,30.2694136291601,68.3042789223455,1.4360283558615,6.80759584378359,1.13393634134121,0.10000226336626,0.599637152210832,0.518426183909178,1.10896527767181,0.295316964387894,0.982768416404724
12006,2018,7,45,52,37,129,4536,3831,299,0.84457672,0.065917108,100,13.6276391554702,86.5642994241843,1.14635920724852,2.3403543965229,1.17459737412231,0.100001931626004,0.206185289735554,0.537022514054497,-2.03308415412903,-1.62672317028046,-1.96128439903259
12007,2010,13,23,37,37,129,3611,3523,24,0.975630019,0.006646358,100,35.3099730458221,62.2641509433962,1.02461853728781,53.9419087136929,0.652834151741364,0.100001094147485,4.61473933692302,0.298443425357526,0.131222873926163,-0.284035325050354,0.0229455567896366
12007,2011,14,46,60,37,129,3588,3456,67,0.963210702,0.018673356,100,23.4608985024958,76.7054908485857,1.67219419748613,20.8643815201192,1.33098000636556,0.100001762991988,1.82170047112534,0.608443136088093,-2.03723192214966,-2.38909101486206,-1.81116127967834
12007,2012,5,32,38,37,129,3777,3480,80,0.921366164,0.021180831,100,13.3858267716535,84.251968503937,1.00606285245294,6.24219725343321,0.919513807074509,0.100001175377127,0.54603820652007,0.4203495572675,1.95246231555939,1.80507457256317,1.62490999698639
12007,2013,20,23,43,37,129,3714,3472,69,0.934841142,0.018578352,100,46.6357308584687,53.5962877030162,1.15775019520207,28.9435600578871,0.662423317300769,0.100001307847205,2.52794996359822,0.302821471153096,-0.0539496578276157,-0.820551991462708,0.0413064807653427
12007,2014,16,40,57,37,129,4132,3878,75,0.938528558,0.018151016,100,28.1961471103328,70.2276707530648,1.37944386631495,21.3049267643142,1.03143291818158,0.100001928776128,1.86245444987179,0.471574811250229,-2.85896825790405,-2.55450129508972,-2.55268692970276
12007,2015,5,33,38,37,129,4260,4048,62,0.950234742,0.014553991,100,13.3858267716535,86.8766404199475,0.891997840426281,8.05152979066023,0.815197253032287,0.100001325683496,0.702338631933923,0.37272914389466,-1.89665830135345,-1.3067798614502,-2.20338726043701
12007,2016,12,28,40,37,129,4096,3870,94,0.944824219,0.022949219,100,30.1745635910224,70.074812967581,0.976538658724152,12.7523910733262,0.723495516911708,0.100001341734519,1.11712908827363,0.330783943884329,0.798337578773499,6.28631162643433,0.597537934780121
12007,2017,6,34,40,37,129,4154,4010,144,0.965334617,0.034665383,100,15.211970074813,85.0374064837905,0.962904118822368,4.16377515614157,0.847859155632029,0.100001360733689,0.365800949184366,0.387658947054466,-1.59428691864014,-1.32948768138885,-1.46883285045624
12007,2018,12,42,55,37,129,4413,4116,297,0.932698844,0.067301156,100,21.9600725952813,76.4065335753176,1.2462894563912,4.03904409289801,1.02038337260999,0.100001987665367,0.355833644078196,0.466554028894809,-2.62482762336731,-1.77288568019867,-2.3746657371521
12008,2010,1,28,29,37,129,5549,4240,567,0.76410164,0.102180573,100,3.78006872852234,96.5635738831615,0.52260726964733,0.176335743255158,0.660361783920191,0.100001317829959,0.0155543843576489,0.30194949225851,-0.694592714309692,-0.0102280080318451,-0.624405682086945
12008,2011,5,25,31,37,129,5578,4345,525,0.77895303,0.094119756,100,16.3987138263666,80.7073954983923,0.555744787651709,0.952199581032184,0.575360751190997,0.100001416076963,0.0839832250724052,0.263089596391481,-1.56906127929688,-1.14539182186127,-1.47857844829559
12008,2012,18,27,45,37,129,5689,4194,670,0.737212164,0.117771137,100,40.1330376940133,60.0886917960089,0.790986271993813,2.6861662438442,0.643761474452207,0.100002096501132,0.236994053147872,0.294355618769313,-0.899443924427032,-1.15557825565338,-0.825893878936768
12008,2013,5,29,34,37,129,5653,4354,591,0.770210508,0.104546259,100,14.9560117302053,85.3372434017595,0.60143991792114,0.845880561664693,0.666038905858846,0.100001573999378,0.074618384428444,0.304553759354539,0.498588711023331,-1.07573294639587,0.873309671878815
12008,2014,4,23,27,37,129,5266,4239,584,0.804975313,0.110900114,100,15.1291512915129,85.239852398524,0.512713393213194,0.684814244136278,0.542567997924088,0.100001164370712,0.0604091457006308,0.248088388383662,0.0212921444326639,-0.707896411418915,-0.0556054376065731
12008,2015,11,24,35,37,129,5544,4577,592,0.825577201,0.106782107,100,31.6239316239316,68.6609686609687,0.631301744196533,1.85779429150481,0.524349478927705,0.100001589051307,0.163883560824989,0.239776680196671,-0.503559589385986,-1.21376895904541,-0.273304849863052
12008,2016,5,27,32,37,129,5514,4522,780,0.820094305,0.141458107,100,15.8878504672897,84.4236760124611,0.580330425636096,0.640943468786053,0.597067734017381,0.100001444985183,0.0565582280374706,0.273026337006178,1.10838782787323,1.30837738513947,0.972591578960419
12008,2017,3,29,36,37,129,5625,4628,749,0.822755556,0.133155556,100,8.58725761772853,80.6094182825485,0.63998862242449,0.40048057669203,0.62660703096303,0.100001658332764,0.035337799149117,0.286540518688685,0.456187695264816,1.51036870479584,0.414080888032913
12008,2018,4,16,20,37,129,5994,4854,894,0.80980981,0.149149149,100,20.3980099502488,80.0995024875622,0.333661433743181,0.447377250866793,0.329618260851651,0.100000981732996,0.0394825790636699,0.150737596271512,-0.662819266319275,-1.41263544559479,-0.435647875070572
12009,2010,20,42,62,37,129,6972,5755,787,0.825444636,0.112880092,100,32.3671497584541,67.7938808373591,0.889258616485707,2.54097319273282,0.729787492832444,0.100003539938538,0.224222931268289,0.333786985126062,0.817907929420471,1.95746028423309,0.427682936191559
12009,2011,15,54,69,37,129,7020,5805,934,0.826923077,0.133048433,100,21.8523878437048,78.2923299565847,0.982891981595704,1.60582378760304,0.930216533737576,0.100003966731972,0.141724777270532,0.425461184671084,-0.116404145956039,-0.0112214796245098,0.0705082193017006
12009,2012,18,34,53,37,129,7197,5905,889,0.820480756,0.12352369,100,34.0866290018832,64.2184557438795,0.736407719776021,2.02451917669553,0.575773483937613,0.100003123733866,0.178669891765611,0.263349937185356,-0.0600859075784683,-0.767720401287079,0.227330610156059
12009,2013,13,40,54,37,129,7079,6142,704,0.867636672,0.099449075,100,24.2144177449168,74.1219963031423,0.76280883163114,1.84632864649908,0.65124306019114,0.100003130490037,0.162906365970156,0.297877269008155,-2.45012903213501,-1.13578104972839,-2.25587439537048
12009,2014,9,15,24,37,129,7090,6320,559,0.891396333,0.078843441,100,37.7593360995851,62.655601659751,0.338500162197994,1.60972992309068,0.237338016803532,0.10000139349088,0.141989725450574,0.108560159822276,-1.34251081943512,-1.80717468261719,-1.0309671163559
12009,2015,10,45,55,37,129,6957,6312,390,0.907287624,0.056058646,100,18.3303085299456,81.8511796733212,0.790559284759454,2.56344527044348,0.712916462033238,0.100003133511888,0.225977294642649,0.32609295662117,-2.5857994556427,-2.37028646469116,-2.44867539405823
12009,2016,30,32,62,37,129,7038,6474,225,0.919863598,0.031969309,100,48.4702093397746,51.6908212560386,0.880919566360239,13.3274100399822,0.494277196830447,0.100003573449144,1.17313784701775,0.22608984353249,0.988972902297974,0.000770770246163011,1.16672098636627
12009,2017,12,24,36,37,129,7154,6725,98,0.940033548,0.01369863,100,33.5180055401662,66.7590027700831,0.503207950685621,12.2324159021407,0.356872016772985,0.100002109104461,1.07193929370663,0.163242852733434,0.492222845554352,-0.000380588229745626,0.729992687702179
12009,2018,0,30,30,37,129,7402,6817,189,0.920967306,0.02553364,100,0.332225913621262,100,0.40529039056484,0,0.44006982441214,0.100001818515425,0,0.201301573642898,-0.400277107954025,-0.0148072894662619,-0.280326217412949
12010,2010,3,29,32,37,129,4878,4709,125,0.965354654,0.025625256,100,9.65732087227414,90.6542056074766,0.655993112072323,2.39808153477218,0.615828926971183,0.100001278316598,0.21050627146562,0.281616491677596,-1.41046750545502,-1.23496866226196,-1.45380997657776
12010,2011,2,33,36,37,129,4753,4617,77,0.971386493,0.016200295,100,5.81717451523546,91.6897506925208,0.757400433401359,2.59403372243839,0.714734357063958,0.100001401254334,0.226828456992359,0.326839425199215,-0.234136268496513,-0.043077576905489,-0.0877573862671852
12010,2012,0,21,21,37,129,4782,4525,101,0.946256796,0.02112087,100,0.4739336492891,100,0.439137617364756,0,0.464078141919516,0.100000822385644,0,0.212213172880837,1.1052018404007,0.742901861667633,1.15501165390015
12010,2013,3,20,23,37,129,5113,4774,162,0.933698416,0.031683943,100,13.4199134199134,87.012987012987,0.449824959417966,1.85070943861814,0.418927127626149,0.100000963053209,0.162688406254958,0.191576440404553,1.1853358745575,0.976811468601227,0.952960193157196
12010,2014,2,28,30,37,129,5086,4696,163,0.923318915,0.032048761,100,6.97674418604651,93.3554817275748,0.589842905172922,1.22624156958921,0.596239432720768,0.100001249523028,0.107797131617506,0.272657565061589,-0.693236231803894,-0.427179604768753,-1.11017990112305
12010,2015,1,9,10,37,129,5252,4849,176,0.923267327,0.033511043,100,10.8910891089109,90.0990099009901,0.190400030464005,0.56785917092561,0.185601451815801,0.10000043010191,0.0499373025028841,0.0848772457416642,0.287721753120422,0.863591909408569,-0.081510491669178
12010,2016,2,13,15,37,129,5155,4720,182,0.915615907,0.035305529,100,13.9072847682119,86.7549668874172,0.290973986925569,1.09829763866008,0.275417893688693,0.100000633237437,0.0965979383807541,0.125947952856152,-0.460288852453232,-0.721856236457825,-0.459937363862991
12010,2017,1,8,9,37,129,5471,5001,185,0.914092488,0.033814659,100,12.0879120879121,89.010989010989,0.164500740253331,0.540248514316586,0.159964807742297,0.100000403232825,0.0475194645134831,0.073155424406693,0.42456242442131,0.510215997695923,0.329718053340912
12010,2018,0,5,5,37,129,5362,4788,217,0.892950392,0.040469974,100,1.96078431372549,100,0.0932470487309077,0,0.104425555021825,0.100000219555069,0,0.0477542025947043,2.54107928276062,3.06307291984558,2.33759927749634
12101,2010,13,45,58,37,129,7735,6605,461,0.853910795,0.059599224,100,22.5473321858864,77.6247848537005,0.749828702925625,2.8193450444589,0.681291729118408,0.100003673964583,0.24861253089522,0.311637382270703,0.4217529296875,0.297947466373444,0.544919013977051
12101,2011,2,40,42,37,129,7983,6644,549,0.832268571,0.068771139,100,4.98812351543943,95.249406175772,0.526111410354374,0.364232380258605,0.602037898285697,0.100002745756835,0.0321270899285698,0.275386083003051,0.745501935482025,0.183440014719963,1.01106441020966
12101,2012,12,37,49,37,129,8267,6875,541,0.831619693,0.06544091,100,24.6435845213849,75.5600814663951,0.592710865962671,2.21770467566069,0.538173990196506,0.10000331734524,0.195608355811116,0.246178822032695,2.59250450134277,2.09070944786072,2.67537117004395
12101,2013,4,23,27,37,129,8102,6677,478,0.824117502,0.058997778,100,15.1291512915129,85.239852398524,0.333246935979561,0.836645053336122,0.344460918662294,0.100001791441607,0.0737806066466817,0.15756492926009,-0.266418725252151,-0.00959016568958759,-0.35212254524231
12101,2014,6,28,34,37,129,8381,6789,752,0.810046534,0.089726763,100,17.8885630498534,82.4046920821114,0.40567467277565,0.797766254487435,0.4124258001797,0.100002333573109,0.0703939785667617,0.188655829704221,-1.30835247039795,-0.896662414073944,-0.3529112637043
12101,2015,9,25,35,37,129,8463,6638,797,0.78435543,0.094174643,100,25.9259259259259,71.5099715099715,0.413560043010244,1.1290929619872,0.376613790090538,0.100002425710896,0.0996357191208462,0.172271768311458,0.474426507949829,-0.271984249353409,-0.250087678432465
12101,2016,8,44,52,37,129,8561,6853,770,0.800490597,0.089942764,100,15.5470249520154,84.6449136276392,0.607398581957926,1.03882612647708,0.642045205819264,0.100003645645992,0.0916670541370559,0.293692384093101,1.46677422523499,0.470395982265472,1.39905095100403
12101,2017,5,12,17,37,129,9000,7088,830,0.787555556,0.092222222,100,29.8245614035088,70.7602339181286,0.188886790146776,0.602337067823154,0.16929783722013,0.100001252962533,0.0531547279595811,0.0774440199799069,-1.5462760925293,-1.4588520526886,-1.05829310417175
12101,2018,9,21,30,37,129,9076,7272,967,0.801234024,0.106544733,100,30.2325581395349,70.0996677740864,0.330538447130375,0.930617309481956,0.288774906835715,0.100002229781951,0.0821356009569304,0.13210001517835,0.485139220952988,0.271843105554581,0.30984291434288
12103,2010,0,3,3,37,129,4312,4051,153,0.939471243,0.035482375,100,3.2258064516129,100,0.0695716704158067,0,0.0740539606526622,0.100000105936754,0,0.0338594025386368,-1.39170980453491,-1.47655248641968,-1.32135939598083
12103,2011,0,4,4,37,129,4169,3958,182,0.949388343,0.043655553,100,2.4390243902439,100,0.0959439687222662,0,0.101058588716809,0.100000136564727,0,0.046205424372333,1.81585705280304,1.67736828327179,1.46298289299011
12103,2012,0,1,1,37,129,4246,3926,279,0.924634951,0.065708902,100,9.09090909090909,100,0.023551023291962,0,0.0254705687578004,0.100000034771758,0,0.0116453991217363,0.106186635792255,0.175112172961235,-0.136061549186707
12103,2013,2,0,2,37,129,4087,3886,165,0.950819672,0.040371911,100,100,4.76190476190476,0.0489344523011426,1.21138703815869,0,0.100000066939319,0.106497457367857,0,-2.04827117919922,-2.03813099861145,-1.95995807647705
12103,2014,0,2,2,37,129,4233,4118,98,0.972832506,0.023151429,100,4.76190476190476,100,0.0472466986369327,0,0.0485660863019354,0.100000069330593,0,0.022206080378416,-2.69751739501953,-2.18021607398987,-2.43736600875854
12103,2015,0,1,1,37,129,4072,3872,146,0.950884086,0.035854617,100,9.09090909090909,100,0.0245573536995653,0,0.0258257792928902,0.10000003334682,0,0.0118076173626255,1.28170120716095,2.24370312690735,0.993884027004242
12103,2016,0,0,0,37,129,4310,4120,92,0.955916473,0.021345708,100,100,100,0,0,0,0.1,0,0,-0.780299603939056,-0.405520051717758,-0.785514533519745
12103,2017,0,0,0,37,129,4454,4276,87,0.960035923,0.019533004,100,100,100,0,0,0,0.1,0,0,-2.42662668228149,-1.71031868457794,-2.19759368896484
12103,2018,0,0,0,37,129,4463,4198,95,0.940622899,0.02128613,100,100,100,0,0,0,0.1,0,0,-0.527639985084534,-0.00725490134209394,-0.50410407781601
12104,2010,0,0,0,37,129,5067,4366,409,0.861653839,0.080718374,100,100,100,0,0,0,0.1,0,0,-1.64414322376251,-1.02365231513977,-1.45637822151184
12104,2011,0,0,0,37,129,5175,4558,182,0.880772947,0.035169082,100,100,100,0,0,0,0.1,0,0,-1.47033035755157,-1.81850469112396,-1.29789352416992
12104,2012,0,4,4,37,129,5273,4412,453,0.836715342,0.08590935,100,2.4390243902439,100,0.0758567066810794,0,0.0906597765236509,0.100000172728665,0,0.0414557593777267,1.48654103279114,-0.515105605125427,1.80525517463684
12104,2013,0,1,1,37,129,5349,4473,430,0.836231071,0.080388858,100,9.09090909090909,100,0.0186947336935185,0,0.0223558605888534,0.100000043804553,0,0.0102227473454187,-0.387774854898453,-1.06583607196808,-0.478433132171631
12104,2014,0,0,0,37,129,5606,4801,389,0.856403853,0.069389939,100,100,100,0,0,0,0.1,0,0,-0.151461005210876,-0.283184826374054,-0.1059834882617
12104,2015,0,0,0,37,129,5723,5173,375,0.903896558,0.065525074,100,100,100,0,0,0,0.1,0,0,1.02732157707214,1.06289088726044,0.900812983512878
12104,2016,0,4,4,37,129,6322,5710,381,0.903195191,0.060265739,100,2.4390243902439,100,0.0632701159424875,0,0.0700513125864696,0.100000207090958,0,0.0320395641433121,-0.181782990694046,-0.152629554271698,-0.0131373461335897
12104,2017,0,0,0,37,129,6625,6252,106,0.943698113,0.016,100,100,100,0,0,0,0.1,0,0,-0.0602679550647736,-1.39407789707184,0.0131431557238102
12104,2018,0,2,2,37,129,6506,6171,107,0.948509069,0.016446357,100,4.76190476190476,100,0.0307403821029495,0,0.0324091328936494,0.10000010655914,0,0.0148239231002041,0.302887856960297,1.8228657245636,0.201069951057434
12105,2010,0,0,0,37,129,10558,9134,633,0.865125971,0.059954537,100,100,100,0,0,0,0.1,0,0,-0.907643854618073,-0.785130858421326,-0.69682252407074
12105,2011,0,15,15,37,129,11261,9929,648,0.881715656,0.057543735,100,0.662251655629139,100,0.133201907451315,0,0.151071094056863,0.100001383295204,0,0.0691188181577683,-1.35144829750061,-1.29111158847809,-1.21226453781128
12105,2012,0,3,3,37,129,11024,9964,541,0.903846154,0.049074746,100,3.2258064516129,100,0.0272131058317686,0,0.0301080880360494,0.10000027083645,0,0.0137752279466855,-2.58778834342957,-1.22141826152802,-2.39268279075623
12105,2013,0,3,3,37,129,11632,9868,1054,0.848349381,0.090612105,100,3.2258064516129,100,0.0257906998736256,0,0.0304009890455103,0.100000285773729,0,0.0139091769491395,-2.54565191268921,-1.02652323246002,-2.29332041740417
12105,2014,0,0,0,37,129,12169,10170,974,0.835730134,0.080039444,100,100,100,0,0,0,0.1,0,0,-2.54655456542969,-2.78536939620972,-2.24678540229797
12105,2015,2,8,10,37,129,12229,10224,1331,0.836045466,0.108839643,100,20.7920792079208,80.1980198019802,0.0817721663900042,0.150251671549846,0.0782464960240999,0.100001001469204,0.0132640377510821,0.0358002018825205,-0.408260762691498,-0.000250585610046983,-0.261355191469193
12105,2016,1,2,3,37,129,11838,9770,1291,0.825308329,0.109055584,100,35.4838709677419,67.741935483871,0.0253419045285983,0.0774533343660445,0.0204706195433005,0.100000290834715,0.00683736308385828,0.0093657536548261,-0.447568356990814,-0.0154207935556769,-0.309750556945801
12105,2017,1,4,5,37,129,11874,9594,1414,0.80798383,0.119083712,100,21.5686274509804,80.3921568627451,0.0421084545355016,0.0707163566933032,0.0416922900532619,0.100000486198599,0.00624297084328082,0.0190749691768224,-0.312063694000244,0.000524895498529077,-0.227344319224358
12105,2018,3,1,4,37,129,11309,10007,627,0.884870457,0.055442568,100,75.609756097561,26.8292682926829,0.035369746487342,0.478392600861107,0.00999290503742343,0.100000370451066,0.0422040614697323,0.00457202098789142,-1.68992948532104,-2.20270109176636,-1.47281444072723
12201,2010,1,0,1,37,129,2797,2797,0,1,0,100,100,9.09090909090909,0.0357513138607844,1000,0,0.100000022905465,10,0,-0.234136268496513,-0.043077576905489,-0.0877573862671852
12201,2011,0,0,0,37,129,2984,2965,19,0.993632708,0.006367292,100,100,100,0,0,0,0.1,0,0,0.605559408664703,0.233769327402115,0.861041247844696
12201,2012,0,0,0,37,129,2874,2798,20,0.973556019,0.006958942,100,100,100,0,0,0,0.1,0,0,1.26173007488251,1.0871616601944,0.787051737308502
12201,2013,0,0,0,37,129,2978,2909,10,0.976830087,0.003357958,100,100,100,0,0,0,0.1,0,0,-0.448562443256378,-0.105309449136257,-0.998698651790619
12201,2014,0,1,1,37,129,2952,2900,10,0.982384824,0.003387534,100,9.09090909090909,100,0.0338741912536838,0,0.0344815696010482,0.100000024174807,0,0.0157589682254584,0.896591484546661,0.94627720117569,0.683467507362366
12201,2015,1,1,2,37,129,2873,2834,0,0.986425339,0,100,52.3809523809524,52.3809523809524,0.0696112213288782,1000,0.0352845700575138,0.100000047055704,10,0.0161253813217978,-0.435399144887924,-0.975027978420258,-0.291957974433899
12201,2016,0,1,1,37,129,2719,2632,0,0.968002942,0,100,9.09090909090909,100,0.0367768747011879,0,0.0379924774894571,0.1000000222667,0,0.0173608190271551,0.718513011932373,0.746000468730927,0.602478563785553
12201,2017,0,0,0,37,129,2775,2705,0,0.974774775,0,100,100,100,0,0,0,0.1,0,0,2.24092698097229,2.95880651473999,2.04666328430176
12201,2018,0,1,1,37,129,2822,2718,0,0.963146704,0,100,9.09090909090909,100,0.0354346054356685,0,0.0367904050623597,0.100000023110198,0,0.0168124303997431,0.316299140453339,0.118323221802711,0.516437232494354
12202,2010,0,0,0,37,129,2868,2722,133,0.949093445,0.04637378,100,100,100,0,0,0,0.1,0,0,1.18152117729187,0.369821637868881,1.37068927288055
12202,2011,0,2,2,37,129,2713,2586,114,0.953188352,0.042019904,100,4.76190476190476,100,0.0737164129593454,0,0.0773365299099029,0.100000044435129,0,0.035338178368227,2.3605580329895,2.15856122970581,2.37188053131104
12202,2012,0,0,0,37,129,2881,2708,132,0.939951406,0.045817425,100,100,100,0,0,0,0.1,0,0,0.1186268851161,0.43286794424057,-0.318268269300461
12202,2013,0,0,0,37,129,2839,2653,131,0.934483973,0.046143008,100,100,100,0,0,0,0.1,0,0,-1.22474575042725,-0.731274485588074,-0.811830461025238
12202,2014,0,0,0,37,129,2936,2640,100,0.899182561,0.034059946,100,100,100,0,0,0,0.1,0,0,0.697175681591034,0.0364541709423065,-0.0354516953229904
12202,2015,0,1,1,37,129,3097,2755,132,0.889570552,0.042621892,100,9.09090909090909,100,0.0322882696716283,0,0.0362963231824616,0.100000025362255,0,0.016587011846837,1.32484412193298,0.695723295211792,1.25188076496124
12202,2016,0,1,1,37,129,3329,3090,0,0.928206669,0,100,9.09090909090909,100,0.0300381484485296,0,0.0323614122520307,0.100000027262172,0,0.0147914034633385,-1.36612808704376,-1.05794739723206,-1.07830369472504
12202,2017,0,0,0,37,129,3341,3088,6,0.924274169,0.00179587,100,100,100,0,0,0,0.1,0,0,0.961167395114899,0.887732803821564,0.700477540493011
12202,2018,0,0,0,37,129,3372,3167,7,0.939205219,0.002075919,100,100,100,0,0,0,0.1,0,0,-1.06577742099762,-0.413386523723602,-1.70856535434723
12203,2010,0,0,0,37,129,1660,1602,6,0.965060241,0.003614458,100,100,100,0,0,0,0.1,0,0,0.359195321798325,-0.332512557506561,0.162033975124359
12203,2011,0,0,0,37,129,1770,1652,13,0.933333333,0.007344633,100,100,100,0,0,0,0.1,0,0,0.209761768579483,0.583003520965576,-0.15681691467762
12203,2012,0,2,2,37,129,1916,1764,11,0.920668058,0.005741127,100,4.76190476190476,100,0.104378685872345,0,0.113372257808514,0.100000031381388,0,0.0517626696167057,-3.05215358734131,-2.90809392929077,-2.67009234428406
12203,2013,0,0,0,37,129,2001,1868,14,0.933533233,0.006996502,100,100,100,0,0,0,0.1,0,0,-2.63821625709534,-2.25840091705322,-2.41539669036865
12203,2014,0,0,0,37,129,2388,2116,10,0.886097152,0.004187605,100,100,100,0,0,0,0.1,0,0,1.20178401470184,2.68086004257202,1.11760294437408
12203,2015,2,0,2,37,129,2286,2238,10,0.979002625,0.004374453,100,100,4.76190476190476,0.0874852368662788,19.8019801980198,0,0.100000037441469,1.62323360180708,0,-0.662817895412445,0.67443060874939,-0.867077946662903
12203,2016,0,0,0,37,129,2335,2307,5,0.988008565,0.002141328,100,100,100,0,0,0,0.1,0,0,-1.90733575820923,-1.9198694229126,-1.65835297107697
12203,2017,0,0,0,37,129,2295,2284,0,0.995206972,0,100,100,100,0,0,0,0.1,0,0,0.544507801532745,-0.0608793161809444,0.506719410419464
12203,2018,1,0,1,37,129,2271,2256,0,0.99339498,0,100,100,9.09090909090909,0.0440315265730263,1000,0,0.100000018597895,10,0,-2.61565208435059,-1.9555584192276,-2.34536385536194
12300,2010,0,2,2,37,129,6150,5631,395,0.915609756,0.064227642,100,4.76190476190476,100,0.0325197964260744,0,0.035517039299604,0.10000010072836,0,0.0162443487332616,-1.29917204380035,-1.29196536540985,-1.15308845043182
12300,2011,0,3,3,37,129,6817,6359,346,0.932815021,0.050755464,100,3.2258064516129,100,0.044006982441214,0,0.0471764872387602,0.100000167479325,0,0.0215789669909646,0.544997155666351,0.780131101608276,0.530725479125977
12300,2012,1,0,1,37,129,6947,6540,288,0.94141356,0.041456744,100,100,9.09090909090909,0.0143944955449036,0.347101700798334,0,0.10000005689105,0.0305766204050891,0,-1.47839176654816,-0.832557439804077,-1.5953803062439
12300,2013,0,5,5,37,129,6991,6622,273,0.947217852,0.039050207,100,1.96078431372549,100,0.0715195033685686,0,0.0755047492487277,0.100000286256898,0,0.034537544370324,-0.475140750408173,-0.925812125205994,-0.327463328838348
12300,2014,1,1,2,37,129,7359,6716,582,0.912623998,0.079086832,100,52.3809523809524,52.3809523809524,0.0271772363468359,0.171791788352517,0.0148895936629889,0.100000120530082,0.0151541056700399,0.00681089428222102,0.657248854637146,-0.0330898351967335,0.814853966236115
12300,2015,0,3,3,37,129,7462,6924,450,0.927901367,0.060305548,100,3.2258064516129,100,0.0402031599683735,0,0.0433269305758149,0.100000183325616,0,0.0198192815898971,0.135434031486511,-0.144812807440758,0.137483447790146
12300,2016,1,2,3,37,129,7846,7343,379,0.9358909,0.048304869,100,35.4838709677419,67.741935483871,0.0382355565185251,0.263782643102084,0.0272364532690553,0.100000192759687,0.0232520752046117,0.0124593834525632,-0.531980335712433,-1.13507962226868,-0.467401146888733
12300,2017,0,2,2,37,129,8339,7595,610,0.910780669,0.073150258,100,4.76190476190476,100,0.0239834034847885,0,0.026332767178839,0.100000136581105,0,0.0120462335495816,0.457494646310806,-1.43809628486633,0.714541554450989
12300,2018,1,2,3,37,129,8823,7942,694,0.900147342,0.078658053,100,35.4838709677419,67.741935483871,0.0340016547471977,0.144071459443884,0.0251822565820123,0.100000216762518,0.012711595083488,0.0115202155072911,-1.23660695552826,-1.63927018642426,-0.958567023277283
980100,2010,0,0,0,37,129,0,0,0,0,0,100,100,100,0,0,0,0.1,0,0,-0.800045907497406,-0.931771814823151,-0.763581335544586
980100,2011,12,0,12,37,129,0,0,0,0,0,100,100,0.826446280991736,12000,12000,0,0.1,120,0,-2.25834846496582,-1.01279723644257,-2.03560829162598
980100,2012,0,2,2,37,129,0,0,0,0,0,100,4.76190476190476,100,2000,0,2000,0.1,0,20,-1.95117962360382,-1.24797821044922,-1.64992201328278
980100,2013,0,1,1,37,129,0,0,0,0,0,100,9.09090909090909,100,1000,0,1000,0.1,0,10,-2.10734534263611,-1.08431792259216,-2.51852512359619
980100,2014,0,1,1,37,129,0,0,0,0,0,100,9.09090909090909,100,1000,0,1000,0.1,0,10,0.696709156036377,0.00030807254370302,0.974871516227722
980100,2015,0,0,0,37,129,0,0,0,0,0,100,100,100,0,0,0,0.1,0,0,-0.489533811807632,-0.0242304168641567,-0.365073442459106
980100,2016,0,0,0,37,129,0,0,0,0,0,100,100,100,0,0,0,0.1,0,0,1.17964124679565,2.72861266136169,-0.171618431806564
980100,2017,0,0,0,37,129,0,0,0,0,0,100,100,100,0,0,0,0.1,0,0,-1.562952876091,-1.72674143314362,-1.62658107280731
980100,2018,0,3,3,37,129,0,0,0,0,0,100,3.2258064516129,100,3000,0,3000,0.1,0,30,2.66346383094788,-0.043077576905489,3.3597047328949
